2026-05-29 09:58:14,873 [Worker-7: Loading available Gradle versions] INFO  o.e.b.c.i.u.g.PublishedGradleVersions - Gradle version information cache is not available. Remote download required.
2026-05-29 10:02:00,888 [Worker-10: Loading available Gradle versions] INFO  o.e.b.c.i.u.g.PublishedGradleVersions - Gradle version information cache is up-to-date. Trying to read.
2026-05-29 10:04:35,143 [Worker-26: Importing Maven projects] INFO  o.e.m.c.i.e.AbstractTransferListenerAdapter - Downloading https://repo.maven.apache.org/maven2/org/apache/maven/plugins/maven-compiler-plugin/3.11.0/maven-compiler-plugin-3.11.0.jar
2026-05-29 10:04:35,225 [Worker-26: Importing Maven projects] INFO  o.e.m.c.i.e.AbstractTransferListenerAdapter - Downloaded https://repo.maven.apache.org/maven2/org/apache/maven/plugins/maven-compiler-plugin/3.11.0/maven-compiler-plugin-3.11.0.jar
2026-05-29 10:04:36,399 [Worker-26: Importing Maven projects] INFO  o.e.m.c.i.e.AbstractTransferListenerAdapter - Downloading https://repo.maven.apache.org/maven2/org/apache/maven/plugins/maven-compiler-plugin/3.11.0/maven-compiler-plugin-3.11.0.pom
2026-05-29 10:04:36,459 [Worker-26: Importing Maven projects] INFO  o.e.m.c.i.e.AbstractTransferListenerAdapter - Downloaded https://repo.maven.apache.org/maven2/org/apache/maven/plugins/maven-compiler-plugin/3.11.0/maven-compiler-plugin-3.11.0.pom
2026-05-29 10:04:36,807 [Worker-26: Importing Maven projects] INFO  o.e.m.c.i.e.AbstractTransferListenerAdapter - Downloading https://repo.maven.apache.org/maven2/org/apache/maven/shared/maven-shared-utils/3.3.4/maven-shared-utils-3.3.4.pom
2026-05-29 10:04:36,856 [Worker-26: Importing Maven projects] INFO  o.e.m.c.i.e.AbstractTransferListenerAdapter - Downloaded https://repo.maven.apache.org/maven2/org/apache/maven/shared/maven-shared-utils/3.3.4/maven-shared-utils-3.3.4.pom
2026-05-29 10:04:37,009 [Worker-26: Importing Maven projects] INFO  o.e.m.c.i.e.AbstractTransferListenerAdapter - Downloading https://repo.maven.apache.org/maven2/org/apache/maven/shared/maven-shared-components/34/maven-shared-components-34.pom
2026-05-29 10:04:37,061 [Worker-26: Importing Maven projects] INFO  o.e.m.c.i.e.AbstractTransferListenerAdapter - Downloaded https://repo.maven.apache.org/maven2/org/apache/maven/shared/maven-shared-components/34/maven-shared-components-34.pom
2026-05-29 10:04:37,215 [Worker-26: Importing Maven projects] INFO  o.e.m.c.i.e.AbstractTransferListenerAdapter - Downloading https://repo.maven.apache.org/maven2/org/apache/maven/maven-parent/34/maven-parent-34.pom
2026-05-29 10:04:37,269 [Worker-26: Importing Maven projects] INFO  o.e.m.c.i.e.AbstractTransferListenerAdapter - Downloaded https://repo.maven.apache.org/maven2/org/apache/maven/maven-parent/34/maven-parent-34.pom
2026-05-29 10:04:37,525 [Worker-26: Importing Maven projects] INFO  o.e.m.c.i.e.AbstractTransferListenerAdapter - Downloading https://repo.maven.apache.org/maven2/commons-io/commons-io/2.6/commons-io-2.6.pom
2026-05-29 10:04:37,572 [Worker-26: Importing Maven projects] INFO  o.e.m.c.i.e.AbstractTransferListenerAdapter - Downloaded https://repo.maven.apache.org/maven2/commons-io/commons-io/2.6/commons-io-2.6.pom
2026-05-29 10:04:37,729 [Worker-26: Importing Maven projects] INFO  o.e.m.c.i.e.AbstractTransferListenerAdapter - Downloading https://repo.maven.apache.org/maven2/org/apache/commons/commons-parent/42/commons-parent-42.pom
2026-05-29 10:04:37,795 [Worker-26: Importing Maven projects] INFO  o.e.m.c.i.e.AbstractTransferListenerAdapter - Downloaded https://repo.maven.apache.org/maven2/org/apache/commons/commons-parent/42/commons-parent-42.pom
2026-05-29 10:04:37,931 [Worker-26: Importing Maven projects] INFO  o.e.m.c.i.e.AbstractTransferListenerAdapter - Downloading https://repo.maven.apache.org/maven2/org/apache/apache/18/apache-18.pom
2026-05-29 10:04:37,984 [Worker-26: Importing Maven projects] INFO  o.e.m.c.i.e.AbstractTransferListenerAdapter - Downloaded https://repo.maven.apache.org/maven2/org/apache/apache/18/apache-18.pom
2026-05-29 10:04:38,342 [Worker-26: Importing Maven projects] INFO  o.e.m.c.i.e.AbstractTransferListenerAdapter - Downloading https://repo.maven.apache.org/maven2/org/codehaus/plexus/plexus-component-annotations/1.5.5/plexus-component-annotations-1.5.5.pom
2026-05-29 10:04:38,389 [Worker-26: Importing Maven projects] INFO  o.e.m.c.i.e.AbstractTransferListenerAdapter - Downloaded https://repo.maven.apache.org/maven2/org/codehaus/plexus/plexus-component-annotations/1.5.5/plexus-component-annotations-1.5.5.pom
2026-05-29 10:04:38,546 [Worker-26: Importing Maven projects] INFO  o.e.m.c.i.e.AbstractTransferListenerAdapter - Downloading https://repo.maven.apache.org/maven2/org/codehaus/plexus/plexus-containers/1.5.5/plexus-containers-1.5.5.pom
2026-05-29 10:04:38,598 [Worker-26: Importing Maven projects] INFO  o.e.m.c.i.e.AbstractTransferListenerAdapter - Downloaded https://repo.maven.apache.org/maven2/org/codehaus/plexus/plexus-containers/1.5.5/plexus-containers-1.5.5.pom
2026-05-29 10:04:38,699 [Worker-26: Importing Maven projects] INFO  o.e.m.c.i.e.AbstractTransferListenerAdapter - Downloading https://repo.maven.apache.org/maven2/org/codehaus/plexus/plexus/2.0.7/plexus-2.0.7.pom
2026-05-29 10:04:38,751 [Worker-26: Importing Maven projects] INFO  o.e.m.c.i.e.AbstractTransferListenerAdapter - Downloaded https://repo.maven.apache.org/maven2/org/codehaus/plexus/plexus/2.0.7/plexus-2.0.7.pom
2026-05-29 10:04:38,956 [Worker-26: Importing Maven projects] INFO  o.e.m.c.i.e.AbstractTransferListenerAdapter - Downloading https://repo.maven.apache.org/maven2/org/codehaus/plexus/plexus-java/1.1.2/plexus-java-1.1.2.pom
2026-05-29 10:04:39,007 [Worker-26: Importing Maven projects] INFO  o.e.m.c.i.e.AbstractTransferListenerAdapter - Downloaded https://repo.maven.apache.org/maven2/org/codehaus/plexus/plexus-java/1.1.2/plexus-java-1.1.2.pom
2026-05-29 10:04:39,160 [Worker-26: Importing Maven projects] INFO  o.e.m.c.i.e.AbstractTransferListenerAdapter - Downloading https://repo.maven.apache.org/maven2/org/codehaus/plexus/plexus-languages/1.1.2/plexus-languages-1.1.2.pom
2026-05-29 10:04:39,219 [Worker-26: Importing Maven projects] INFO  o.e.m.c.i.e.AbstractTransferListenerAdapter - Downloaded https://repo.maven.apache.org/maven2/org/codehaus/plexus/plexus-languages/1.1.2/plexus-languages-1.1.2.pom
2026-05-29 10:04:39,469 [Worker-26: Importing Maven projects] INFO  o.e.m.c.i.e.AbstractTransferListenerAdapter - Downloading https://repo.maven.apache.org/maven2/org/ow2/asm/asm/9.4/asm-9.4.pom
2026-05-29 10:04:39,530 [Worker-26: Importing Maven projects] INFO  o.e.m.c.i.e.AbstractTransferListenerAdapter - Downloaded https://repo.maven.apache.org/maven2/org/ow2/asm/asm/9.4/asm-9.4.pom
2026-05-29 10:04:39,878 [Worker-26: Importing Maven projects] INFO  o.e.m.c.i.e.AbstractTransferListenerAdapter - Downloading https://repo.maven.apache.org/maven2/org/codehaus/plexus/plexus-compiler-api/2.13.0/plexus-compiler-api-2.13.0.pom
2026-05-29 10:04:39,930 [Worker-26: Importing Maven projects] INFO  o.e.m.c.i.e.AbstractTransferListenerAdapter - Downloaded https://repo.maven.apache.org/maven2/org/codehaus/plexus/plexus-compiler-api/2.13.0/plexus-compiler-api-2.13.0.pom
2026-05-29 10:04:40,083 [Worker-26: Importing Maven projects] INFO  o.e.m.c.i.e.AbstractTransferListenerAdapter - Downloading https://repo.maven.apache.org/maven2/org/codehaus/plexus/plexus-compiler/2.13.0/plexus-compiler-2.13.0.pom
2026-05-29 10:04:40,144 [Worker-26: Importing Maven projects] INFO  o.e.m.c.i.e.AbstractTransferListenerAdapter - Downloaded https://repo.maven.apache.org/maven2/org/codehaus/plexus/plexus-compiler/2.13.0/plexus-compiler-2.13.0.pom
2026-05-29 10:04:40,288 [Worker-26: Importing Maven projects] INFO  o.e.m.c.i.e.AbstractTransferListenerAdapter - Downloading https://repo.maven.apache.org/maven2/org/codehaus/plexus/plexus-components/10.0/plexus-components-10.0.pom
2026-05-29 10:04:40,347 [Worker-26: Importing Maven projects] INFO  o.e.m.c.i.e.AbstractTransferListenerAdapter - Downloaded https://repo.maven.apache.org/maven2/org/codehaus/plexus/plexus-components/10.0/plexus-components-10.0.pom
2026-05-29 10:04:40,491 [Worker-26: Importing Maven projects] INFO  o.e.m.c.i.e.AbstractTransferListenerAdapter - Downloading https://repo.maven.apache.org/maven2/org/junit/junit-bom/5.9.1/junit-bom-5.9.1.pom
2026-05-29 10:04:40,556 [Worker-26: Importing Maven projects] INFO  o.e.m.c.i.e.AbstractTransferListenerAdapter - Downloaded https://repo.maven.apache.org/maven2/org/junit/junit-bom/5.9.1/junit-bom-5.9.1.pom
2026-05-29 10:04:40,905 [Worker-26: Importing Maven projects] INFO  o.e.m.c.i.e.AbstractTransferListenerAdapter - Downloading https://repo.maven.apache.org/maven2/org/codehaus/plexus/plexus-compiler-manager/2.13.0/plexus-compiler-manager-2.13.0.pom
2026-05-29 10:04:40,959 [Worker-26: Importing Maven projects] INFO  o.e.m.c.i.e.AbstractTransferListenerAdapter - Downloaded https://repo.maven.apache.org/maven2/org/codehaus/plexus/plexus-compiler-manager/2.13.0/plexus-compiler-manager-2.13.0.pom
2026-05-29 10:04:41,108 [Worker-26: Importing Maven projects] INFO  o.e.m.c.i.e.AbstractTransferListenerAdapter - Downloading https://repo.maven.apache.org/maven2/org/codehaus/plexus/plexus-component-annotations/2.1.1/plexus-component-annotations-2.1.1.pom
2026-05-29 10:04:41,161 [Worker-26: Importing Maven projects] INFO  o.e.m.c.i.e.AbstractTransferListenerAdapter - Downloaded https://repo.maven.apache.org/maven2/org/codehaus/plexus/plexus-component-annotations/2.1.1/plexus-component-annotations-2.1.1.pom
2026-05-29 10:04:41,311 [Worker-26: Importing Maven projects] INFO  o.e.m.c.i.e.AbstractTransferListenerAdapter - Downloading https://repo.maven.apache.org/maven2/org/codehaus/plexus/plexus-containers/2.1.1/plexus-containers-2.1.1.pom
2026-05-29 10:04:41,367 [Worker-26: Importing Maven projects] INFO  o.e.m.c.i.e.AbstractTransferListenerAdapter - Downloaded https://repo.maven.apache.org/maven2/org/codehaus/plexus/plexus-containers/2.1.1/plexus-containers-2.1.1.pom
2026-05-29 10:04:41,517 [Worker-26: Importing Maven projects] INFO  o.e.m.c.i.e.AbstractTransferListenerAdapter - Downloading https://repo.maven.apache.org/maven2/org/codehaus/plexus/plexus/6.5/plexus-6.5.pom
2026-05-29 10:04:41,577 [Worker-26: Importing Maven projects] INFO  o.e.m.c.i.e.AbstractTransferListenerAdapter - Downloaded https://repo.maven.apache.org/maven2/org/codehaus/plexus/plexus/6.5/plexus-6.5.pom
2026-05-29 10:04:41,720 [Worker-26: Importing Maven projects] INFO  o.e.m.c.i.e.AbstractTransferListenerAdapter - Downloading https://repo.maven.apache.org/maven2/org/codehaus/plexus/plexus-compiler-javac/2.13.0/plexus-compiler-javac-2.13.0.pom
2026-05-29 10:04:41,770 [Worker-26: Importing Maven projects] INFO  o.e.m.c.i.e.AbstractTransferListenerAdapter - Downloaded https://repo.maven.apache.org/maven2/org/codehaus/plexus/plexus-compiler-javac/2.13.0/plexus-compiler-javac-2.13.0.pom
2026-05-29 10:04:41,926 [Worker-26: Importing Maven projects] INFO  o.e.m.c.i.e.AbstractTransferListenerAdapter - Downloading https://repo.maven.apache.org/maven2/org/codehaus/plexus/plexus-compilers/2.13.0/plexus-compilers-2.13.0.pom
2026-05-29 10:04:41,982 [Worker-26: Importing Maven projects] INFO  o.e.m.c.i.e.AbstractTransferListenerAdapter - Downloaded https://repo.maven.apache.org/maven2/org/codehaus/plexus/plexus-compilers/2.13.0/plexus-compilers-2.13.0.pom
2026-05-29 10:04:42,137 [BasicRepositoryConnector-repo.maven.apache.org-0-1] INFO  o.e.m.c.i.e.AbstractTransferListenerAdapter - Downloading https://repo.maven.apache.org/maven2/commons-io/commons-io/2.6/commons-io-2.6.jar
2026-05-29 10:04:42,248 [BasicRepositoryConnector-repo.maven.apache.org-0-4] INFO  o.e.m.c.i.e.AbstractTransferListenerAdapter - Downloading https://repo.maven.apache.org/maven2/org/ow2/asm/asm/9.4/asm-9.4.jar
2026-05-29 10:04:42,248 [BasicRepositoryConnector-repo.maven.apache.org-0-3] INFO  o.e.m.c.i.e.AbstractTransferListenerAdapter - Downloading https://repo.maven.apache.org/maven2/org/codehaus/plexus/plexus-java/1.1.2/plexus-java-1.1.2.jar
2026-05-29 10:04:42,249 [BasicRepositoryConnector-repo.maven.apache.org-0-0] INFO  o.e.m.c.i.e.AbstractTransferListenerAdapter - Downloading https://repo.maven.apache.org/maven2/org/apache/maven/shared/maven-shared-utils/3.3.4/maven-shared-utils-3.3.4.jar
2026-05-29 10:04:42,254 [BasicRepositoryConnector-repo.maven.apache.org-0-1] INFO  o.e.m.c.i.e.AbstractTransferListenerAdapter - Downloaded https://repo.maven.apache.org/maven2/commons-io/commons-io/2.6/commons-io-2.6.jar
2026-05-29 10:04:42,267 [BasicRepositoryConnector-repo.maven.apache.org-0-2] INFO  o.e.m.c.i.e.AbstractTransferListenerAdapter - Downloading https://repo.maven.apache.org/maven2/org/codehaus/plexus/plexus-component-annotations/1.5.5/plexus-component-annotations-1.5.5.jar
2026-05-29 10:04:42,320 [BasicRepositoryConnector-repo.maven.apache.org-0-1] INFO  o.e.m.c.i.e.AbstractTransferListenerAdapter - Downloading https://repo.maven.apache.org/maven2/org/codehaus/plexus/plexus-compiler-api/2.13.0/plexus-compiler-api-2.13.0.jar
2026-05-29 10:04:42,342 [BasicRepositoryConnector-repo.maven.apache.org-0-3] INFO  o.e.m.c.i.e.AbstractTransferListenerAdapter - Downloaded https://repo.maven.apache.org/maven2/org/codehaus/plexus/plexus-java/1.1.2/plexus-java-1.1.2.jar
2026-05-29 10:04:42,359 [BasicRepositoryConnector-repo.maven.apache.org-0-4] INFO  o.e.m.c.i.e.AbstractTransferListenerAdapter - Downloaded https://repo.maven.apache.org/maven2/org/ow2/asm/asm/9.4/asm-9.4.jar
2026-05-29 10:04:42,365 [BasicRepositoryConnector-repo.maven.apache.org-0-0] INFO  o.e.m.c.i.e.AbstractTransferListenerAdapter - Downloaded https://repo.maven.apache.org/maven2/org/apache/maven/shared/maven-shared-utils/3.3.4/maven-shared-utils-3.3.4.jar
2026-05-29 10:04:42,418 [BasicRepositoryConnector-repo.maven.apache.org-0-2] INFO  o.e.m.c.i.e.AbstractTransferListenerAdapter - Downloaded https://repo.maven.apache.org/maven2/org/codehaus/plexus/plexus-component-annotations/1.5.5/plexus-component-annotations-1.5.5.jar
2026-05-29 10:04:42,439 [BasicRepositoryConnector-repo.maven.apache.org-0-4] INFO  o.e.m.c.i.e.AbstractTransferListenerAdapter - Downloading https://repo.maven.apache.org/maven2/org/codehaus/plexus/plexus-compiler-manager/2.13.0/plexus-compiler-manager-2.13.0.jar
2026-05-29 10:04:42,439 [BasicRepositoryConnector-repo.maven.apache.org-0-0] INFO  o.e.m.c.i.e.AbstractTransferListenerAdapter - Downloading https://repo.maven.apache.org/maven2/org/codehaus/plexus/plexus-compiler-javac/2.13.0/plexus-compiler-javac-2.13.0.jar
2026-05-29 10:04:42,439 [BasicRepositoryConnector-repo.maven.apache.org-0-3] INFO  o.e.m.c.i.e.AbstractTransferListenerAdapter - Downloading https://repo.maven.apache.org/maven2/org/codehaus/plexus/plexus-utils/3.5.0/plexus-utils-3.5.0.jar
2026-05-29 10:04:42,519 [BasicRepositoryConnector-repo.maven.apache.org-0-3] INFO  o.e.m.c.i.e.AbstractTransferListenerAdapter - Downloaded https://repo.maven.apache.org/maven2/org/codehaus/plexus/plexus-utils/3.5.0/plexus-utils-3.5.0.jar
2026-05-29 10:04:42,564 [BasicRepositoryConnector-repo.maven.apache.org-0-4] INFO  o.e.m.c.i.e.AbstractTransferListenerAdapter - Downloaded https://repo.maven.apache.org/maven2/org/codehaus/plexus/plexus-compiler-manager/2.13.0/plexus-compiler-manager-2.13.0.jar
2026-05-29 10:04:42,839 [BasicRepositoryConnector-repo.maven.apache.org-0-0] INFO  o.e.m.c.i.e.AbstractTransferListenerAdapter - Downloaded https://repo.maven.apache.org/maven2/org/codehaus/plexus/plexus-compiler-javac/2.13.0/plexus-compiler-javac-2.13.0.jar
2026-05-29 10:04:42,988 [BasicRepositoryConnector-repo.maven.apache.org-0-1] INFO  o.e.m.c.i.e.AbstractTransferListenerAdapter - Downloaded https://repo.maven.apache.org/maven2/org/codehaus/plexus/plexus-compiler-api/2.13.0/plexus-compiler-api-2.13.0.jar
2026-05-29 10:04:43,578 [Worker-26: Importing Maven projects] INFO  o.e.m.c.i.l.LifecycleMappingFactory - Using org.eclipse.m2e.jdt.JarLifecycleMapping lifecycle mapping for MavenProject: com.mediswift:MediSwift:1.0.0 @ C:\pbljava1\MediSwiftMaven\pom.xml.
2026-05-29 10:04:43,870 [Worker-26: Importing Maven projects] INFO  o.e.m.c.i.e.AbstractTransferListenerAdapter - Downloading https://repo.maven.apache.org/maven2/org/openjfx/javafx-controls/23.0.1/javafx-controls-23.0.1.pom
2026-05-29 10:04:43,917 [Worker-26: Importing Maven projects] INFO  o.e.m.c.i.e.AbstractTransferListenerAdapter - Downloaded https://repo.maven.apache.org/maven2/org/openjfx/javafx-controls/23.0.1/javafx-controls-23.0.1.pom
2026-05-29 10:04:44,282 [Worker-26: Importing Maven projects] INFO  o.e.m.c.i.e.AbstractTransferListenerAdapter - Downloading https://repo.maven.apache.org/maven2/org/openjfx/javafx/23.0.1/javafx-23.0.1.pom
2026-05-29 10:04:44,339 [Worker-26: Importing Maven projects] INFO  o.e.m.c.i.e.AbstractTransferListenerAdapter - Downloaded https://repo.maven.apache.org/maven2/org/openjfx/javafx/23.0.1/javafx-23.0.1.pom
2026-05-29 10:04:44,691 [Worker-26: Importing Maven projects] INFO  o.e.m.c.i.e.AbstractTransferListenerAdapter - Downloading https://repo.maven.apache.org/maven2/org/openjfx/javafx-graphics/23.0.1/javafx-graphics-23.0.1.pom
2026-05-29 10:04:44,750 [Worker-26: Importing Maven projects] INFO  o.e.m.c.i.e.AbstractTransferListenerAdapter - Downloaded https://repo.maven.apache.org/maven2/org/openjfx/javafx-graphics/23.0.1/javafx-graphics-23.0.1.pom
2026-05-29 10:04:44,999 [Worker-26: Importing Maven projects] INFO  o.e.m.c.i.e.AbstractTransferListenerAdapter - Downloading https://repo.maven.apache.org/maven2/org/openjfx/javafx-base/23.0.1/javafx-base-23.0.1.pom
2026-05-29 10:04:45,049 [Worker-26: Importing Maven projects] INFO  o.e.m.c.i.e.AbstractTransferListenerAdapter - Downloaded https://repo.maven.apache.org/maven2/org/openjfx/javafx-base/23.0.1/javafx-base-23.0.1.pom
2026-05-29 10:04:45,305 [Worker-26: Importing Maven projects] INFO  o.e.m.c.i.e.AbstractTransferListenerAdapter - Downloading https://repo.maven.apache.org/maven2/org/openjfx/javafx-fxml/23.0.1/javafx-fxml-23.0.1.pom
2026-05-29 10:04:45,367 [Worker-26: Importing Maven projects] INFO  o.e.m.c.i.e.AbstractTransferListenerAdapter - Downloaded https://repo.maven.apache.org/maven2/org/openjfx/javafx-fxml/23.0.1/javafx-fxml-23.0.1.pom
2026-05-29 10:04:45,510 [Worker-26: Importing Maven projects] INFO  o.e.m.c.i.e.AbstractTransferListenerAdapter - Downloading https://repo.maven.apache.org/maven2/com/mysql/mysql-connector-j/8.3.0/mysql-connector-j-8.3.0.pom
2026-05-29 10:04:45,565 [Worker-26: Importing Maven projects] INFO  o.e.m.c.i.e.AbstractTransferListenerAdapter - Downloaded https://repo.maven.apache.org/maven2/com/mysql/mysql-connector-j/8.3.0/mysql-connector-j-8.3.0.pom
2026-05-29 10:04:45,714 [Worker-26: Importing Maven projects] INFO  o.e.m.c.i.e.AbstractTransferListenerAdapter - Downloading https://repo.maven.apache.org/maven2/com/google/protobuf/protobuf-java/3.25.1/protobuf-java-3.25.1.pom
2026-05-29 10:04:45,766 [Worker-26: Importing Maven projects] INFO  o.e.m.c.i.e.AbstractTransferListenerAdapter - Downloaded https://repo.maven.apache.org/maven2/com/google/protobuf/protobuf-java/3.25.1/protobuf-java-3.25.1.pom
2026-05-29 10:04:45,921 [Worker-26: Importing Maven projects] INFO  o.e.m.c.i.e.AbstractTransferListenerAdapter - Downloading https://repo.maven.apache.org/maven2/com/google/protobuf/protobuf-parent/3.25.1/protobuf-parent-3.25.1.pom
2026-05-29 10:04:45,982 [Worker-26: Importing Maven projects] INFO  o.e.m.c.i.e.AbstractTransferListenerAdapter - Downloaded https://repo.maven.apache.org/maven2/com/google/protobuf/protobuf-parent/3.25.1/protobuf-parent-3.25.1.pom
2026-05-29 10:04:46,126 [Worker-26: Importing Maven projects] INFO  o.e.m.c.i.e.AbstractTransferListenerAdapter - Downloading https://repo.maven.apache.org/maven2/com/google/protobuf/protobuf-bom/3.25.1/protobuf-bom-3.25.1.pom
2026-05-29 10:04:46,187 [Worker-26: Importing Maven projects] INFO  o.e.m.c.i.e.AbstractTransferListenerAdapter - Downloaded https://repo.maven.apache.org/maven2/com/google/protobuf/protobuf-bom/3.25.1/protobuf-bom-3.25.1.pom
2026-05-29 10:04:46,295 [BasicRepositoryConnector-repo.maven.apache.org-1-4] INFO  o.e.m.c.i.e.AbstractTransferListenerAdapter - Downloading https://repo.maven.apache.org/maven2/org/openjfx/javafx-graphics/23.0.1/javafx-graphics-23.0.1.jar
2026-05-29 10:04:46,295 [BasicRepositoryConnector-repo.maven.apache.org-1-1] INFO  o.e.m.c.i.e.AbstractTransferListenerAdapter - Downloading https://repo.maven.apache.org/maven2/org/openjfx/javafx-controls/23.0.1/javafx-controls-23.0.1-win.jar
2026-05-29 10:04:46,296 [BasicRepositoryConnector-repo.maven.apache.org-1-0] INFO  o.e.m.c.i.e.AbstractTransferListenerAdapter - Downloading https://repo.maven.apache.org/maven2/org/openjfx/javafx-controls/23.0.1/javafx-controls-23.0.1.jar
2026-05-29 10:04:46,350 [BasicRepositoryConnector-repo.maven.apache.org-1-0] INFO  o.e.m.c.i.e.AbstractTransferListenerAdapter - Downloaded https://repo.maven.apache.org/maven2/org/openjfx/javafx-controls/23.0.1/javafx-controls-23.0.1.jar
2026-05-29 10:04:46,352 [BasicRepositoryConnector-repo.maven.apache.org-1-4] INFO  o.e.m.c.i.e.AbstractTransferListenerAdapter - Downloaded https://repo.maven.apache.org/maven2/org/openjfx/javafx-graphics/23.0.1/javafx-graphics-23.0.1.jar
2026-05-29 10:04:46,437 [BasicRepositoryConnector-repo.maven.apache.org-1-0] INFO  o.e.m.c.i.e.AbstractTransferListenerAdapter - Downloading https://repo.maven.apache.org/maven2/org/openjfx/javafx-graphics/23.0.1/javafx-graphics-23.0.1-win.jar
2026-05-29 10:04:46,437 [BasicRepositoryConnector-repo.maven.apache.org-1-4] INFO  o.e.m.c.i.e.AbstractTransferListenerAdapter - Downloading https://repo.maven.apache.org/maven2/org/openjfx/javafx-base/23.0.1/javafx-base-23.0.1.jar
2026-05-29 10:04:46,497 [BasicRepositoryConnector-repo.maven.apache.org-1-4] INFO  o.e.m.c.i.e.AbstractTransferListenerAdapter - Downloaded https://repo.maven.apache.org/maven2/org/openjfx/javafx-base/23.0.1/javafx-base-23.0.1.jar
2026-05-29 10:04:46,556 [BasicRepositoryConnector-repo.maven.apache.org-1-4] INFO  o.e.m.c.i.e.AbstractTransferListenerAdapter - Downloading https://repo.maven.apache.org/maven2/org/openjfx/javafx-base/23.0.1/javafx-base-23.0.1-win.jar
2026-05-29 10:04:46,567 [BasicRepositoryConnector-repo.maven.apache.org-1-3] INFO  o.e.m.c.i.e.AbstractTransferListenerAdapter - Downloading https://repo.maven.apache.org/maven2/org/openjfx/javafx-fxml/23.0.1/javafx-fxml-23.0.1-win.jar
2026-05-29 10:04:46,587 [BasicRepositoryConnector-repo.maven.apache.org-1-2] INFO  o.e.m.c.i.e.AbstractTransferListenerAdapter - Downloading https://repo.maven.apache.org/maven2/org/openjfx/javafx-fxml/23.0.1/javafx-fxml-23.0.1.jar
2026-05-29 10:04:46,642 [BasicRepositoryConnector-repo.maven.apache.org-1-2] INFO  o.e.m.c.i.e.AbstractTransferListenerAdapter - Downloaded https://repo.maven.apache.org/maven2/org/openjfx/javafx-fxml/23.0.1/javafx-fxml-23.0.1.jar
2026-05-29 10:04:46,687 [BasicRepositoryConnector-repo.maven.apache.org-1-3] INFO  o.e.m.c.i.e.AbstractTransferListenerAdapter - Downloaded https://repo.maven.apache.org/maven2/org/openjfx/javafx-fxml/23.0.1/javafx-fxml-23.0.1-win.jar
2026-05-29 10:04:46,708 [BasicRepositoryConnector-repo.maven.apache.org-1-1] INFO  o.e.m.c.i.e.AbstractTransferListenerAdapter - Downloaded https://repo.maven.apache.org/maven2/org/openjfx/javafx-controls/23.0.1/javafx-controls-23.0.1-win.jar
2026-05-29 10:04:46,715 [BasicRepositoryConnector-repo.maven.apache.org-1-2] INFO  o.e.m.c.i.e.AbstractTransferListenerAdapter - Downloading https://repo.maven.apache.org/maven2/com/mysql/mysql-connector-j/8.3.0/mysql-connector-j-8.3.0.jar
2026-05-29 10:04:46,913 [BasicRepositoryConnector-repo.maven.apache.org-1-3] INFO  o.e.m.c.i.e.AbstractTransferListenerAdapter - Downloading https://repo.maven.apache.org/maven2/com/google/protobuf/protobuf-java/3.25.1/protobuf-java-3.25.1.jar
2026-05-29 10:04:46,989 [BasicRepositoryConnector-repo.maven.apache.org-1-4] INFO  o.e.m.c.i.e.AbstractTransferListenerAdapter - Downloaded https://repo.maven.apache.org/maven2/org/openjfx/javafx-base/23.0.1/javafx-base-23.0.1-win.jar
2026-05-29 10:04:47,152 [BasicRepositoryConnector-repo.maven.apache.org-1-2] INFO  o.e.m.c.i.e.AbstractTransferListenerAdapter - Downloaded https://repo.maven.apache.org/maven2/com/mysql/mysql-connector-j/8.3.0/mysql-connector-j-8.3.0.jar
2026-05-29 10:04:47,196 [BasicRepositoryConnector-repo.maven.apache.org-1-0] INFO  o.e.m.c.i.e.AbstractTransferListenerAdapter - Downloaded https://repo.maven.apache.org/maven2/org/openjfx/javafx-graphics/23.0.1/javafx-graphics-23.0.1-win.jar
2026-05-29 10:04:48,131 [BasicRepositoryConnector-repo.maven.apache.org-1-3] INFO  o.e.m.c.i.e.AbstractTransferListenerAdapter - Downloaded https://repo.maven.apache.org/maven2/com/google/protobuf/protobuf-java/3.25.1/protobuf-java-3.25.1.jar
2026-05-29 10:04:52,404 [Worker-26: Importing Maven projects] INFO  o.e.m.j.i.AbstractJavaProjectConfigurator - Adding source folder /MediSwift/src/main/java
2026-05-29 10:04:52,407 [Worker-26: Importing Maven projects] INFO  o.e.m.j.i.AbstractJavaProjectConfigurator - Adding resource folder /MediSwift/src/main/resources
2026-05-29 10:04:52,409 [Worker-26: Importing Maven projects] INFO  o.e.m.j.i.AbstractJavaProjectConfigurator - Adding source folder /MediSwift/src/test/java
2026-05-29 10:04:52,410 [Worker-26: Importing Maven projects] INFO  o.e.m.j.i.AbstractJavaProjectConfigurator - Adding resource folder /MediSwift/src/test/resources
2026-05-29 10:04:52,576 [Worker-36: Download sources and javadoc] INFO  o.e.m.c.i.e.AbstractTransferListenerAdapter - Downloading https://repo.maven.apache.org/maven2/org/openjfx/javafx-controls/23.0.1/javafx-controls-23.0.1-sources.jar
2026-05-29 10:04:52,883 [Worker-36: Download sources and javadoc] INFO  o.e.m.c.i.e.AbstractTransferListenerAdapter - Downloaded https://repo.maven.apache.org/maven2/org/openjfx/javafx-controls/23.0.1/javafx-controls-23.0.1-sources.jar
2026-05-29 10:04:52,913 [Worker-36: Download sources and javadoc] INFO  o.e.m.j.internal.DownloadSourcesJob - Downloaded sources for org.openjfx:javafx-controls:23.0.1
2026-05-29 10:04:52,935 [Worker-36: Download sources and javadoc] INFO  o.e.m.j.internal.DownloadSourcesJob - Downloaded sources for org.openjfx:javafx-controls:23.0.1win
2026-05-29 10:04:53,293 [Worker-36: Download sources and javadoc] INFO  o.e.m.c.i.e.AbstractTransferListenerAdapter - Downloading https://repo.maven.apache.org/maven2/org/openjfx/javafx-fxml/23.0.1/javafx-fxml-23.0.1-sources.jar
2026-05-29 10:04:53,421 [Worker-36: Download sources and javadoc] INFO  o.e.m.c.i.e.AbstractTransferListenerAdapter - Downloaded https://repo.maven.apache.org/maven2/org/openjfx/javafx-fxml/23.0.1/javafx-fxml-23.0.1-sources.jar
2026-05-29 10:04:53,447 [Worker-36: Download sources and javadoc] INFO  o.e.m.j.internal.DownloadSourcesJob - Downloaded sources for org.openjfx:javafx-fxml:23.0.1
2026-05-29 10:04:53,468 [Worker-36: Download sources and javadoc] INFO  o.e.m.j.internal.DownloadSourcesJob - Downloaded sources for org.openjfx:javafx-fxml:23.0.1win
2026-05-29 10:04:53,907 [Worker-36: Download sources and javadoc] INFO  o.e.m.c.i.e.AbstractTransferListenerAdapter - Downloading https://repo.maven.apache.org/maven2/org/openjfx/javafx-graphics/23.0.1/javafx-graphics-23.0.1-sources.jar
2026-05-29 10:04:53,977 [Worker-26: Importing Maven projects] WARN  o.apache.maven.project.MavenProject - Plugin is modifying compileSourceRoots through clear(), which will not work in Maven 4.0.0. Use MavenProject.addCompileSourceRoot()/removeCompileSourceRoot() methods instead. If using a plugin, please upgrade to the latest version or report the issue to the plugin maintainer. To disable these warnings, set -Dmaven.project.sourceRoots.warningsDisabled=true on the command line, in the .mvn/maven.config file, or in project POM properties.
2026-05-29 10:04:53,980 [Worker-26: Importing Maven projects] WARN  o.apache.maven.project.MavenProject - Plugin is modifying compileSourceRoots through add(), which will not work in Maven 4.0.0. Use MavenProject.addCompileSourceRoot()/removeCompileSourceRoot() methods instead. If using a plugin, please upgrade to the latest version or report the issue to the plugin maintainer. To disable these warnings, set -Dmaven.project.sourceRoots.warningsDisabled=true on the command line, in the .mvn/maven.config file, or in project POM properties.
2026-05-29 10:04:53,983 [Worker-26: Importing Maven projects] WARN  o.apache.maven.project.MavenProject - Plugin is modifying testCompileSourceRoots through clear(), which will not work in Maven 4.0.0. Use MavenProject.addTestCompileSourceRoot()/removeTestCompileSourceRoot() methods instead. If using a plugin, please upgrade to the latest version or report the issue to the plugin maintainer. To disable these warnings, set -Dmaven.project.sourceRoots.warningsDisabled=true on the command line, in the .mvn/maven.config file, or in project POM properties.
2026-05-29 10:04:53,985 [Worker-26: Importing Maven projects] WARN  o.apache.maven.project.MavenProject - Plugin is modifying testCompileSourceRoots through add(), which will not work in Maven 4.0.0. Use MavenProject.addTestCompileSourceRoot()/removeTestCompileSourceRoot() methods instead. If using a plugin, please upgrade to the latest version or report the issue to the plugin maintainer. To disable these warnings, set -Dmaven.project.sourceRoots.warningsDisabled=true on the command line, in the .mvn/maven.config file, or in project POM properties.
2026-05-29 10:04:54,062 [Worker-26: Importing Maven projects] INFO  o.e.m.c.i.p.ProjectConfigurationManager - Imported and configured 1 project(s) in 21 sec
2026-05-29 10:04:54,337 [Worker-36: Download sources and javadoc] INFO  o.e.m.c.i.e.AbstractTransferListenerAdapter - Downloaded https://repo.maven.apache.org/maven2/org/openjfx/javafx-graphics/23.0.1/javafx-graphics-23.0.1-sources.jar
2026-05-29 10:04:54,369 [Worker-36: Download sources and javadoc] INFO  o.e.m.j.internal.DownloadSourcesJob - Downloaded sources for org.openjfx:javafx-graphics:23.0.1
2026-05-29 10:04:54,392 [Worker-36: Download sources and javadoc] INFO  o.e.m.j.internal.DownloadSourcesJob - Downloaded sources for org.openjfx:javafx-graphics:23.0.1win
2026-05-29 10:04:54,727 [Worker-36: Download sources and javadoc] INFO  o.e.m.c.i.e.AbstractTransferListenerAdapter - Downloading https://repo.maven.apache.org/maven2/org/openjfx/javafx-base/23.0.1/javafx-base-23.0.1-sources.jar
2026-05-29 10:04:55,295 [Worker-36: Download sources and javadoc] INFO  o.e.m.c.i.e.AbstractTransferListenerAdapter - Downloaded https://repo.maven.apache.org/maven2/org/openjfx/javafx-base/23.0.1/javafx-base-23.0.1-sources.jar
2026-05-29 10:04:55,324 [Worker-36: Download sources and javadoc] INFO  o.e.m.j.internal.DownloadSourcesJob - Downloaded sources for org.openjfx:javafx-base:23.0.1
2026-05-29 10:04:55,349 [Worker-36: Download sources and javadoc] INFO  o.e.m.j.internal.DownloadSourcesJob - Downloaded sources for org.openjfx:javafx-base:23.0.1win
2026-05-29 10:04:55,648 [Worker-36: Download sources and javadoc] INFO  o.e.m.c.i.e.AbstractTransferListenerAdapter - Downloading https://repo.maven.apache.org/maven2/com/mysql/mysql-connector-j/8.3.0/mysql-connector-j-8.3.0-sources.jar
2026-05-29 10:04:56,261 [Worker-36: Download sources and javadoc] INFO  o.e.m.c.i.e.AbstractTransferListenerAdapter - Downloaded https://repo.maven.apache.org/maven2/com/mysql/mysql-connector-j/8.3.0/mysql-connector-j-8.3.0-sources.jar
2026-05-29 10:04:56,294 [Worker-36: Download sources and javadoc] INFO  o.e.m.j.internal.DownloadSourcesJob - Downloaded sources for com.mysql:mysql-connector-j:8.3.0
2026-05-29 10:04:56,775 [Worker-36: Download sources and javadoc] INFO  o.e.m.c.i.e.AbstractTransferListenerAdapter - Downloading https://repo.maven.apache.org/maven2/com/google/protobuf/protobuf-java/3.25.1/protobuf-java-3.25.1-sources.jar
2026-05-29 10:04:56,960 [Worker-11: Building] INFO  o.a.m.s.f.DefaultMavenResourcesFiltering - skip non existing resourceDirectory C:\pbljava1\MediSwiftMaven\src\main\resources
2026-05-29 10:04:56,968 [Worker-11: Building] INFO  o.a.m.s.f.DefaultMavenResourcesFiltering - skip non existing resourceDirectory C:\pbljava1\MediSwiftMaven\src\test\resources
2026-05-29 10:04:57,449 [Worker-36: Download sources and javadoc] INFO  o.e.m.c.i.e.AbstractTransferListenerAdapter - Downloaded https://repo.maven.apache.org/maven2/com/google/protobuf/protobuf-java/3.25.1/protobuf-java-3.25.1-sources.jar
2026-05-29 10:04:57,487 [Worker-36: Download sources and javadoc] INFO  o.e.m.j.internal.DownloadSourcesJob - Downloaded sources for com.google.protobuf:protobuf-java:3.25.1
2026-05-29 10:04:58,203 [Worker-11: Building] WARN  o.apache.maven.project.MavenProject - Plugin is modifying compileSourceRoots through clear(), which will not work in Maven 4.0.0. Use MavenProject.addCompileSourceRoot()/removeCompileSourceRoot() methods instead. If using a plugin, please upgrade to the latest version or report the issue to the plugin maintainer. To disable these warnings, set -Dmaven.project.sourceRoots.warningsDisabled=true on the command line, in the .mvn/maven.config file, or in project POM properties.
2026-05-29 10:04:58,206 [Worker-11: Building] WARN  o.apache.maven.project.MavenProject - Plugin is modifying compileSourceRoots through add(), which will not work in Maven 4.0.0. Use MavenProject.addCompileSourceRoot()/removeCompileSourceRoot() methods instead. If using a plugin, please upgrade to the latest version or report the issue to the plugin maintainer. To disable these warnings, set -Dmaven.project.sourceRoots.warningsDisabled=true on the command line, in the .mvn/maven.config file, or in project POM properties.
2026-05-29 10:04:58,208 [Worker-11: Building] WARN  o.apache.maven.project.MavenProject - Plugin is modifying testCompileSourceRoots through clear(), which will not work in Maven 4.0.0. Use MavenProject.addTestCompileSourceRoot()/removeTestCompileSourceRoot() methods instead. If using a plugin, please upgrade to the latest version or report the issue to the plugin maintainer. To disable these warnings, set -Dmaven.project.sourceRoots.warningsDisabled=true on the command line, in the .mvn/maven.config file, or in project POM properties.
2026-05-29 10:04:58,211 [Worker-11: Building] WARN  o.apache.maven.project.MavenProject - Plugin is modifying testCompileSourceRoots through add(), which will not work in Maven 4.0.0. Use MavenProject.addTestCompileSourceRoot()/removeTestCompileSourceRoot() methods instead. If using a plugin, please upgrade to the latest version or report the issue to the plugin maintainer. To disable these warnings, set -Dmaven.project.sourceRoots.warningsDisabled=true on the command line, in the .mvn/maven.config file, or in project POM properties.
2026-05-29 10:05:34,920 [main] INFO  o.e.m2e.actions.ExecutePomAction - Creating new launch configuration
2026-05-29 10:05:44,981 [Worker-24: Launching MediSwiftMaven] INFO  o.eclipse.m2e.core.internal.Bundles - getClasspathEntries(Bundle=org.eclipse.m2e.maven.runtime_3.9.1200.20260112-2306 [308])
2026-05-29 10:05:44,985 [Worker-24: Launching MediSwiftMaven] INFO  o.eclipse.m2e.core.internal.Bundles - 	Entry: C:\Users\Dharam Raj\.p2\pool\plugins\org.eclipse.m2e.maven.runtime_3.9.1200.20260112-2306
2026-05-29 10:05:44,986 [Worker-24: Launching MediSwiftMaven] INFO  o.eclipse.m2e.core.internal.Bundles - 	Entry: C:\Users\Dharam Raj\.p2\pool\plugins\org.eclipse.m2e.maven.runtime_3.9.1200.20260112-2306\jars\aopalliance-1.0.jar
2026-05-29 10:05:44,986 [Worker-24: Launching MediSwiftMaven] INFO  o.eclipse.m2e.core.internal.Bundles - 	Entry: C:\Users\Dharam Raj\.p2\pool\plugins\org.eclipse.m2e.maven.runtime_3.9.1200.20260112-2306\jars\asm-9.9.jar
2026-05-29 10:05:44,987 [Worker-24: Launching MediSwiftMaven] INFO  o.eclipse.m2e.core.internal.Bundles - 	Entry: C:\Users\Dharam Raj\.p2\pool\plugins\org.eclipse.m2e.maven.runtime_3.9.1200.20260112-2306\jars\error_prone_annotations-2.41.0.jar
2026-05-29 10:05:44,987 [Worker-24: Launching MediSwiftMaven] INFO  o.eclipse.m2e.core.internal.Bundles - 	Entry: C:\Users\Dharam Raj\.p2\pool\plugins\org.eclipse.m2e.maven.runtime_3.9.1200.20260112-2306\jars\gson-2.13.2.jar
2026-05-29 10:05:44,988 [Worker-24: Launching MediSwiftMaven] INFO  o.eclipse.m2e.core.internal.Bundles - 	Entry: C:\Users\Dharam Raj\.p2\pool\plugins\org.eclipse.m2e.maven.runtime_3.9.1200.20260112-2306\jars\guice-5.1.0-classes.jar
2026-05-29 10:05:44,988 [Worker-24: Launching MediSwiftMaven] INFO  o.eclipse.m2e.core.internal.Bundles - 	Entry: C:\Users\Dharam Raj\.p2\pool\plugins\org.eclipse.m2e.maven.runtime_3.9.1200.20260112-2306\jars\httpclient-4.5.14.jar
2026-05-29 10:05:44,988 [Worker-24: Launching MediSwiftMaven] INFO  o.eclipse.m2e.core.internal.Bundles - 	Entry: C:\Users\Dharam Raj\.p2\pool\plugins\org.eclipse.m2e.maven.runtime_3.9.1200.20260112-2306\jars\httpcore-4.4.16.jar
2026-05-29 10:05:44,988 [Worker-24: Launching MediSwiftMaven] INFO  o.eclipse.m2e.core.internal.Bundles - 	Entry: C:\Users\Dharam Raj\.p2\pool\plugins\org.eclipse.m2e.maven.runtime_3.9.1200.20260112-2306\jars\jansi-2.4.2.jar
2026-05-29 10:05:44,989 [Worker-24: Launching MediSwiftMaven] INFO  o.eclipse.m2e.core.internal.Bundles - 	Entry: C:\Users\Dharam Raj\.p2\pool\plugins\org.eclipse.m2e.maven.runtime_3.9.1200.20260112-2306\jars\jcl-over-slf4j-1.7.36.jar
2026-05-29 10:05:44,989 [Worker-24: Launching MediSwiftMaven] INFO  o.eclipse.m2e.core.internal.Bundles - 	Entry: C:\Users\Dharam Raj\.p2\pool\plugins\org.eclipse.m2e.maven.runtime_3.9.1200.20260112-2306\jars\maven-artifact-3.9.12.jar
2026-05-29 10:05:44,989 [Worker-24: Launching MediSwiftMaven] INFO  o.eclipse.m2e.core.internal.Bundles - 	Entry: C:\Users\Dharam Raj\.p2\pool\plugins\org.eclipse.m2e.maven.runtime_3.9.1200.20260112-2306\jars\maven-builder-support-3.9.12.jar
2026-05-29 10:05:44,989 [Worker-24: Launching MediSwiftMaven] INFO  o.eclipse.m2e.core.internal.Bundles - 	Entry: C:\Users\Dharam Raj\.p2\pool\plugins\org.eclipse.m2e.maven.runtime_3.9.1200.20260112-2306\jars\maven-compat-3.9.12.jar
2026-05-29 10:05:44,990 [Worker-24: Launching MediSwiftMaven] INFO  o.eclipse.m2e.core.internal.Bundles - 	Entry: C:\Users\Dharam Raj\.p2\pool\plugins\org.eclipse.m2e.maven.runtime_3.9.1200.20260112-2306\jars\maven-core-3.9.12.jar
2026-05-29 10:05:44,990 [Worker-24: Launching MediSwiftMaven] INFO  o.eclipse.m2e.core.internal.Bundles - 	Entry: C:\Users\Dharam Raj\.p2\pool\plugins\org.eclipse.m2e.maven.runtime_3.9.1200.20260112-2306\jars\maven-embedder-3.9.12.jar
2026-05-29 10:05:44,990 [Worker-24: Launching MediSwiftMaven] INFO  o.eclipse.m2e.core.internal.Bundles - 	Entry: C:\Users\Dharam Raj\.p2\pool\plugins\org.eclipse.m2e.maven.runtime_3.9.1200.20260112-2306\jars\maven-model-3.9.12.jar
2026-05-29 10:05:44,990 [Worker-24: Launching MediSwiftMaven] INFO  o.eclipse.m2e.core.internal.Bundles - 	Entry: C:\Users\Dharam Raj\.p2\pool\plugins\org.eclipse.m2e.maven.runtime_3.9.1200.20260112-2306\jars\maven-model-builder-3.9.12.jar
2026-05-29 10:05:44,991 [Worker-24: Launching MediSwiftMaven] INFO  o.eclipse.m2e.core.internal.Bundles - 	Entry: C:\Users\Dharam Raj\.p2\pool\plugins\org.eclipse.m2e.maven.runtime_3.9.1200.20260112-2306\jars\maven-plugin-api-3.9.12.jar
2026-05-29 10:05:44,991 [Worker-24: Launching MediSwiftMaven] INFO  o.eclipse.m2e.core.internal.Bundles - 	Entry: C:\Users\Dharam Raj\.p2\pool\plugins\org.eclipse.m2e.maven.runtime_3.9.1200.20260112-2306\jars\maven-repository-metadata-3.9.12.jar
2026-05-29 10:05:44,991 [Worker-24: Launching MediSwiftMaven] INFO  o.eclipse.m2e.core.internal.Bundles - 	Entry: C:\Users\Dharam Raj\.p2\pool\plugins\org.eclipse.m2e.maven.runtime_3.9.1200.20260112-2306\jars\maven-resolver-api-1.9.25.jar
2026-05-29 10:05:44,991 [Worker-24: Launching MediSwiftMaven] INFO  o.eclipse.m2e.core.internal.Bundles - 	Entry: C:\Users\Dharam Raj\.p2\pool\plugins\org.eclipse.m2e.maven.runtime_3.9.1200.20260112-2306\jars\maven-resolver-connector-basic-1.9.25.jar
2026-05-29 10:05:44,992 [Worker-24: Launching MediSwiftMaven] INFO  o.eclipse.m2e.core.internal.Bundles - 	Entry: C:\Users\Dharam Raj\.p2\pool\plugins\org.eclipse.m2e.maven.runtime_3.9.1200.20260112-2306\jars\maven-resolver-impl-1.9.25.jar
2026-05-29 10:05:44,992 [Worker-24: Launching MediSwiftMaven] INFO  o.eclipse.m2e.core.internal.Bundles - 	Entry: C:\Users\Dharam Raj\.p2\pool\plugins\org.eclipse.m2e.maven.runtime_3.9.1200.20260112-2306\jars\maven-resolver-named-locks-1.9.25.jar
2026-05-29 10:05:44,992 [Worker-24: Launching MediSwiftMaven] INFO  o.eclipse.m2e.core.internal.Bundles - 	Entry: C:\Users\Dharam Raj\.p2\pool\plugins\org.eclipse.m2e.maven.runtime_3.9.1200.20260112-2306\jars\maven-resolver-provider-3.9.12.jar
2026-05-29 10:05:44,993 [Worker-24: Launching MediSwiftMaven] INFO  o.eclipse.m2e.core.internal.Bundles - 	Entry: C:\Users\Dharam Raj\.p2\pool\plugins\org.eclipse.m2e.maven.runtime_3.9.1200.20260112-2306\jars\maven-resolver-spi-1.9.25.jar
2026-05-29 10:05:44,993 [Worker-24: Launching MediSwiftMaven] INFO  o.eclipse.m2e.core.internal.Bundles - 	Entry: C:\Users\Dharam Raj\.p2\pool\plugins\org.eclipse.m2e.maven.runtime_3.9.1200.20260112-2306\jars\maven-resolver-transport-file-1.9.25.jar
2026-05-29 10:05:44,994 [Worker-24: Launching MediSwiftMaven] INFO  o.eclipse.m2e.core.internal.Bundles - 	Entry: C:\Users\Dharam Raj\.p2\pool\plugins\org.eclipse.m2e.maven.runtime_3.9.1200.20260112-2306\jars\maven-resolver-transport-http-1.9.25.jar
2026-05-29 10:05:44,994 [Worker-24: Launching MediSwiftMaven] INFO  o.eclipse.m2e.core.internal.Bundles - 	Entry: C:\Users\Dharam Raj\.p2\pool\plugins\org.eclipse.m2e.maven.runtime_3.9.1200.20260112-2306\jars\maven-resolver-transport-wagon-1.9.25.jar
2026-05-29 10:05:44,994 [Worker-24: Launching MediSwiftMaven] INFO  o.eclipse.m2e.core.internal.Bundles - 	Entry: C:\Users\Dharam Raj\.p2\pool\plugins\org.eclipse.m2e.maven.runtime_3.9.1200.20260112-2306\jars\maven-resolver-util-1.9.25.jar
2026-05-29 10:05:44,995 [Worker-24: Launching MediSwiftMaven] INFO  o.eclipse.m2e.core.internal.Bundles - 	Entry: C:\Users\Dharam Raj\.p2\pool\plugins\org.eclipse.m2e.maven.runtime_3.9.1200.20260112-2306\jars\maven-settings-3.9.12.jar
2026-05-29 10:05:44,995 [Worker-24: Launching MediSwiftMaven] INFO  o.eclipse.m2e.core.internal.Bundles - 	Entry: C:\Users\Dharam Raj\.p2\pool\plugins\org.eclipse.m2e.maven.runtime_3.9.1200.20260112-2306\jars\maven-settings-builder-3.9.12.jar
2026-05-29 10:05:44,995 [Worker-24: Launching MediSwiftMaven] INFO  o.eclipse.m2e.core.internal.Bundles - 	Entry: C:\Users\Dharam Raj\.p2\pool\plugins\org.eclipse.m2e.maven.runtime_3.9.1200.20260112-2306\jars\maven-shared-utils-3.4.2.jar
2026-05-29 10:05:44,996 [Worker-24: Launching MediSwiftMaven] INFO  o.eclipse.m2e.core.internal.Bundles - 	Entry: C:\Users\Dharam Raj\.p2\pool\plugins\org.eclipse.m2e.maven.runtime_3.9.1200.20260112-2306\jars\org.eclipse.sisu.inject-0.9.0.M4.jar
2026-05-29 10:05:44,996 [Worker-24: Launching MediSwiftMaven] INFO  o.eclipse.m2e.core.internal.Bundles - 	Entry: C:\Users\Dharam Raj\.p2\pool\plugins\org.eclipse.m2e.maven.runtime_3.9.1200.20260112-2306\jars\org.eclipse.sisu.plexus-0.9.0.M4.jar
2026-05-29 10:05:44,996 [Worker-24: Launching MediSwiftMaven] INFO  o.eclipse.m2e.core.internal.Bundles - 	Entry: C:\Users\Dharam Raj\.p2\pool\plugins\org.eclipse.m2e.maven.runtime_3.9.1200.20260112-2306\jars\plexus-build-api-0.0.7.jar
2026-05-29 10:05:44,997 [Worker-24: Launching MediSwiftMaven] INFO  o.eclipse.m2e.core.internal.Bundles - 	Entry: C:\Users\Dharam Raj\.p2\pool\plugins\org.eclipse.m2e.maven.runtime_3.9.1200.20260112-2306\jars\plexus-build-api-1.2.0.jar
2026-05-29 10:05:44,997 [Worker-24: Launching MediSwiftMaven] INFO  o.eclipse.m2e.core.internal.Bundles - 	Entry: C:\Users\Dharam Raj\.p2\pool\plugins\org.eclipse.m2e.maven.runtime_3.9.1200.20260112-2306\jars\plexus-cipher-2.0.jar
2026-05-29 10:05:44,997 [Worker-24: Launching MediSwiftMaven] INFO  o.eclipse.m2e.core.internal.Bundles - 	Entry: C:\Users\Dharam Raj\.p2\pool\plugins\org.eclipse.m2e.maven.runtime_3.9.1200.20260112-2306\jars\plexus-classworlds-2.9.0.jar
2026-05-29 10:05:44,997 [Worker-24: Launching MediSwiftMaven] INFO  o.eclipse.m2e.core.internal.Bundles - 	Entry: C:\Users\Dharam Raj\.p2\pool\plugins\org.eclipse.m2e.maven.runtime_3.9.1200.20260112-2306\jars\plexus-component-annotations-2.2.0.jar
2026-05-29 10:05:44,998 [Worker-24: Launching MediSwiftMaven] INFO  o.eclipse.m2e.core.internal.Bundles - 	Entry: C:\Users\Dharam Raj\.p2\pool\plugins\org.eclipse.m2e.maven.runtime_3.9.1200.20260112-2306\jars\plexus-interpolation-1.29.jar
2026-05-29 10:05:44,998 [Worker-24: Launching MediSwiftMaven] INFO  o.eclipse.m2e.core.internal.Bundles - 	Entry: C:\Users\Dharam Raj\.p2\pool\plugins\org.eclipse.m2e.maven.runtime_3.9.1200.20260112-2306\jars\plexus-sec-dispatcher-2.0.jar
2026-05-29 10:05:44,998 [Worker-24: Launching MediSwiftMaven] INFO  o.eclipse.m2e.core.internal.Bundles - 	Entry: C:\Users\Dharam Raj\.p2\pool\plugins\org.eclipse.m2e.maven.runtime_3.9.1200.20260112-2306\jars\plexus-utils-3.6.0.jar
2026-05-29 10:05:44,999 [Worker-24: Launching MediSwiftMaven] INFO  o.eclipse.m2e.core.internal.Bundles - 	Entry: C:\Users\Dharam Raj\.p2\pool\plugins\org.eclipse.m2e.maven.runtime_3.9.1200.20260112-2306\jars\wagon-file-3.5.3.jar
2026-05-29 10:05:44,999 [Worker-24: Launching MediSwiftMaven] INFO  o.eclipse.m2e.core.internal.Bundles - 	Entry: C:\Users\Dharam Raj\.p2\pool\plugins\org.eclipse.m2e.maven.runtime_3.9.1200.20260112-2306\jars\wagon-http-3.5.3.jar
2026-05-29 10:05:44,999 [Worker-24: Launching MediSwiftMaven] INFO  o.eclipse.m2e.core.internal.Bundles - 	Entry: C:\Users\Dharam Raj\.p2\pool\plugins\org.eclipse.m2e.maven.runtime_3.9.1200.20260112-2306\jars\wagon-http-shared-3.5.3.jar
2026-05-29 10:05:44,999 [Worker-24: Launching MediSwiftMaven] INFO  o.eclipse.m2e.core.internal.Bundles - 	Entry: C:\Users\Dharam Raj\.p2\pool\plugins\org.eclipse.m2e.maven.runtime_3.9.1200.20260112-2306\jars\wagon-provider-api-3.5.3.jar
2026-05-29 10:05:45,003 [Worker-24: Launching MediSwiftMaven] INFO  o.eclipse.m2e.core.internal.Bundles - getClasspathEntries(Bundle=com.google.guava_33.5.0.jre [13])
2026-05-29 10:05:45,005 [Worker-24: Launching MediSwiftMaven] INFO  o.eclipse.m2e.core.internal.Bundles - 	Entry: C:\Users\Dharam Raj\.p2\pool\plugins\com.google.guava_33.5.0.jre.jar
2026-05-29 10:05:45,005 [Worker-24: Launching MediSwiftMaven] INFO  o.eclipse.m2e.core.internal.Bundles - getClasspathEntries(Bundle=slf4j.api_2.0.17 [532])
2026-05-29 10:05:45,005 [Worker-24: Launching MediSwiftMaven] INFO  o.eclipse.m2e.core.internal.Bundles - 	Entry: C:\Users\Dharam Raj\.p2\pool\plugins\slf4j.api_2.0.17.jar
2026-05-29 10:05:45,005 [Worker-24: Launching MediSwiftMaven] INFO  o.eclipse.m2e.core.internal.Bundles - getClasspathEntries(Bundle=jakarta.inject.jakarta.inject-api_1.0.5 [24])
2026-05-29 10:05:45,006 [Worker-24: Launching MediSwiftMaven] INFO  o.eclipse.m2e.core.internal.Bundles - 	Entry: C:\Users\Dharam Raj\.p2\pool\plugins\jakarta.inject.jakarta.inject-api_1.0.5.jar
2026-05-29 10:05:45,006 [Worker-24: Launching MediSwiftMaven] INFO  o.eclipse.m2e.core.internal.Bundles - getClasspathEntries(Bundle=jakarta.annotation-api_1.3.5 [22])
2026-05-29 10:05:45,007 [Worker-24: Launching MediSwiftMaven] INFO  o.eclipse.m2e.core.internal.Bundles - 	Entry: C:\Users\Dharam Raj\.p2\pool\plugins\jakarta.annotation-api_1.3.5.jar
2026-05-29 10:05:45,007 [Worker-24: Launching MediSwiftMaven] INFO  o.eclipse.m2e.core.internal.Bundles - getClasspathEntries(Bundle=org.apache.commons.cli_1.11.0 [55])
2026-05-29 10:05:45,007 [Worker-24: Launching MediSwiftMaven] INFO  o.eclipse.m2e.core.internal.Bundles - 	Entry: C:\Users\Dharam Raj\.p2\pool\plugins\org.apache.commons.cli_1.11.0.jar
2026-05-29 10:05:45,007 [Worker-24: Launching MediSwiftMaven] INFO  o.eclipse.m2e.core.internal.Bundles - getClasspathEntries(Bundle=org.apache.commons.commons-codec_1.21.0 [56])
2026-05-29 10:05:45,008 [Worker-24: Launching MediSwiftMaven] INFO  o.eclipse.m2e.core.internal.Bundles - 	Entry: C:\Users\Dharam Raj\.p2\pool\plugins\org.apache.commons.commons-codec_1.21.0.jar
2026-05-29 10:05:45,008 [Worker-24: Launching MediSwiftMaven] INFO  o.eclipse.m2e.core.internal.Bundles - getClasspathEntries(Bundle=com.google.guava.failureaccess_1.0.3 [14])
2026-05-29 10:05:45,008 [Worker-24: Launching MediSwiftMaven] INFO  o.eclipse.m2e.core.internal.Bundles - 	Entry: C:\Users\Dharam Raj\.p2\pool\plugins\com.google.guava.failureaccess_1.0.3.jar
2026-05-29 10:05:45,014 [Worker-24: Launching MediSwiftMaven] INFO  o.e.m.i.launch.MavenLaunchDelegate - Run build in "C:\pbljava1\MediSwiftMaven":
2026-05-29 10:05:45,021 [Worker-24: Launching MediSwiftMaven] INFO  o.e.m.i.launch.MavenLaunchDelegate -  mvn  -B -Dstyle.color=always javafx:run
2026-05-29 10:11:23,865 [main] INFO  o.e.m2e.actions.ExecutePomAction - Creating new launch configuration
2026-05-29 10:11:33,160 [Worker-41: Launching MediSwiftMaven (1)] INFO  o.eclipse.m2e.core.internal.Bundles - getClasspathEntries(Bundle=org.eclipse.m2e.maven.runtime_3.9.1200.20260112-2306 [308])
2026-05-29 10:11:33,162 [Worker-41: Launching MediSwiftMaven (1)] INFO  o.eclipse.m2e.core.internal.Bundles - 	Entry: C:\Users\Dharam Raj\.p2\pool\plugins\org.eclipse.m2e.maven.runtime_3.9.1200.20260112-2306
2026-05-29 10:11:33,162 [Worker-41: Launching MediSwiftMaven (1)] INFO  o.eclipse.m2e.core.internal.Bundles - 	Entry: C:\Users\Dharam Raj\.p2\pool\plugins\org.eclipse.m2e.maven.runtime_3.9.1200.20260112-2306\jars\aopalliance-1.0.jar
2026-05-29 10:11:33,162 [Worker-41: Launching MediSwiftMaven (1)] INFO  o.eclipse.m2e.core.internal.Bundles - 	Entry: C:\Users\Dharam Raj\.p2\pool\plugins\org.eclipse.m2e.maven.runtime_3.9.1200.20260112-2306\jars\asm-9.9.jar
2026-05-29 10:11:33,163 [Worker-41: Launching MediSwiftMaven (1)] INFO  o.eclipse.m2e.core.internal.Bundles - 	Entry: C:\Users\Dharam Raj\.p2\pool\plugins\org.eclipse.m2e.maven.runtime_3.9.1200.20260112-2306\jars\error_prone_annotations-2.41.0.jar
2026-05-29 10:11:33,163 [Worker-41: Launching MediSwiftMaven (1)] INFO  o.eclipse.m2e.core.internal.Bundles - 	Entry: C:\Users\Dharam Raj\.p2\pool\plugins\org.eclipse.m2e.maven.runtime_3.9.1200.20260112-2306\jars\gson-2.13.2.jar
2026-05-29 10:11:33,163 [Worker-41: Launching MediSwiftMaven (1)] INFO  o.eclipse.m2e.core.internal.Bundles - 	Entry: C:\Users\Dharam Raj\.p2\pool\plugins\org.eclipse.m2e.maven.runtime_3.9.1200.20260112-2306\jars\guice-5.1.0-classes.jar
2026-05-29 10:11:33,163 [Worker-41: Launching MediSwiftMaven (1)] INFO  o.eclipse.m2e.core.internal.Bundles - 	Entry: C:\Users\Dharam Raj\.p2\pool\plugins\org.eclipse.m2e.maven.runtime_3.9.1200.20260112-2306\jars\httpclient-4.5.14.jar
2026-05-29 10:11:33,164 [Worker-41: Launching MediSwiftMaven (1)] INFO  o.eclipse.m2e.core.internal.Bundles - 	Entry: C:\Users\Dharam Raj\.p2\pool\plugins\org.eclipse.m2e.maven.runtime_3.9.1200.20260112-2306\jars\httpcore-4.4.16.jar
2026-05-29 10:11:33,164 [Worker-41: Launching MediSwiftMaven (1)] INFO  o.eclipse.m2e.core.internal.Bundles - 	Entry: C:\Users\Dharam Raj\.p2\pool\plugins\org.eclipse.m2e.maven.runtime_3.9.1200.20260112-2306\jars\jansi-2.4.2.jar
2026-05-29 10:11:33,164 [Worker-41: Launching MediSwiftMaven (1)] INFO  o.eclipse.m2e.core.internal.Bundles - 	Entry: C:\Users\Dharam Raj\.p2\pool\plugins\org.eclipse.m2e.maven.runtime_3.9.1200.20260112-2306\jars\jcl-over-slf4j-1.7.36.jar
2026-05-29 10:11:33,164 [Worker-41: Launching MediSwiftMaven (1)] INFO  o.eclipse.m2e.core.internal.Bundles - 	Entry: C:\Users\Dharam Raj\.p2\pool\plugins\org.eclipse.m2e.maven.runtime_3.9.1200.20260112-2306\jars\maven-artifact-3.9.12.jar
2026-05-29 10:11:33,165 [Worker-41: Launching MediSwiftMaven (1)] INFO  o.eclipse.m2e.core.internal.Bundles - 	Entry: C:\Users\Dharam Raj\.p2\pool\plugins\org.eclipse.m2e.maven.runtime_3.9.1200.20260112-2306\jars\maven-builder-support-3.9.12.jar
2026-05-29 10:11:33,165 [Worker-41: Launching MediSwiftMaven (1)] INFO  o.eclipse.m2e.core.internal.Bundles - 	Entry: C:\Users\Dharam Raj\.p2\pool\plugins\org.eclipse.m2e.maven.runtime_3.9.1200.20260112-2306\jars\maven-compat-3.9.12.jar
2026-05-29 10:11:33,165 [Worker-41: Launching MediSwiftMaven (1)] INFO  o.eclipse.m2e.core.internal.Bundles - 	Entry: C:\Users\Dharam Raj\.p2\pool\plugins\org.eclipse.m2e.maven.runtime_3.9.1200.20260112-2306\jars\maven-core-3.9.12.jar
2026-05-29 10:11:33,166 [Worker-41: Launching MediSwiftMaven (1)] INFO  o.eclipse.m2e.core.internal.Bundles - 	Entry: C:\Users\Dharam Raj\.p2\pool\plugins\org.eclipse.m2e.maven.runtime_3.9.1200.20260112-2306\jars\maven-embedder-3.9.12.jar
2026-05-29 10:11:33,166 [Worker-41: Launching MediSwiftMaven (1)] INFO  o.eclipse.m2e.core.internal.Bundles - 	Entry: C:\Users\Dharam Raj\.p2\pool\plugins\org.eclipse.m2e.maven.runtime_3.9.1200.20260112-2306\jars\maven-model-3.9.12.jar
2026-05-29 10:11:33,166 [Worker-41: Launching MediSwiftMaven (1)] INFO  o.eclipse.m2e.core.internal.Bundles - 	Entry: C:\Users\Dharam Raj\.p2\pool\plugins\org.eclipse.m2e.maven.runtime_3.9.1200.20260112-2306\jars\maven-model-builder-3.9.12.jar
2026-05-29 10:11:33,166 [Worker-41: Launching MediSwiftMaven (1)] INFO  o.eclipse.m2e.core.internal.Bundles - 	Entry: C:\Users\Dharam Raj\.p2\pool\plugins\org.eclipse.m2e.maven.runtime_3.9.1200.20260112-2306\jars\maven-plugin-api-3.9.12.jar
2026-05-29 10:11:33,167 [Worker-41: Launching MediSwiftMaven (1)] INFO  o.eclipse.m2e.core.internal.Bundles - 	Entry: C:\Users\Dharam Raj\.p2\pool\plugins\org.eclipse.m2e.maven.runtime_3.9.1200.20260112-2306\jars\maven-repository-metadata-3.9.12.jar
2026-05-29 10:11:33,167 [Worker-41: Launching MediSwiftMaven (1)] INFO  o.eclipse.m2e.core.internal.Bundles - 	Entry: C:\Users\Dharam Raj\.p2\pool\plugins\org.eclipse.m2e.maven.runtime_3.9.1200.20260112-2306\jars\maven-resolver-api-1.9.25.jar
2026-05-29 10:11:33,167 [Worker-41: Launching MediSwiftMaven (1)] INFO  o.eclipse.m2e.core.internal.Bundles - 	Entry: C:\Users\Dharam Raj\.p2\pool\plugins\org.eclipse.m2e.maven.runtime_3.9.1200.20260112-2306\jars\maven-resolver-connector-basic-1.9.25.jar
2026-05-29 10:11:33,168 [Worker-41: Launching MediSwiftMaven (1)] INFO  o.eclipse.m2e.core.internal.Bundles - 	Entry: C:\Users\Dharam Raj\.p2\pool\plugins\org.eclipse.m2e.maven.runtime_3.9.1200.20260112-2306\jars\maven-resolver-impl-1.9.25.jar
2026-05-29 10:11:33,168 [Worker-41: Launching MediSwiftMaven (1)] INFO  o.eclipse.m2e.core.internal.Bundles - 	Entry: C:\Users\Dharam Raj\.p2\pool\plugins\org.eclipse.m2e.maven.runtime_3.9.1200.20260112-2306\jars\maven-resolver-named-locks-1.9.25.jar
2026-05-29 10:11:33,168 [Worker-41: Launching MediSwiftMaven (1)] INFO  o.eclipse.m2e.core.internal.Bundles - 	Entry: C:\Users\Dharam Raj\.p2\pool\plugins\org.eclipse.m2e.maven.runtime_3.9.1200.20260112-2306\jars\maven-resolver-provider-3.9.12.jar
2026-05-29 10:11:33,168 [Worker-41: Launching MediSwiftMaven (1)] INFO  o.eclipse.m2e.core.internal.Bundles - 	Entry: C:\Users\Dharam Raj\.p2\pool\plugins\org.eclipse.m2e.maven.runtime_3.9.1200.20260112-2306\jars\maven-resolver-spi-1.9.25.jar
2026-05-29 10:11:33,169 [Worker-41: Launching MediSwiftMaven (1)] INFO  o.eclipse.m2e.core.internal.Bundles - 	Entry: C:\Users\Dharam Raj\.p2\pool\plugins\org.eclipse.m2e.maven.runtime_3.9.1200.20260112-2306\jars\maven-resolver-transport-file-1.9.25.jar
2026-05-29 10:11:33,169 [Worker-41: Launching MediSwiftMaven (1)] INFO  o.eclipse.m2e.core.internal.Bundles - 	Entry: C:\Users\Dharam Raj\.p2\pool\plugins\org.eclipse.m2e.maven.runtime_3.9.1200.20260112-2306\jars\maven-resolver-transport-http-1.9.25.jar
2026-05-29 10:11:33,169 [Worker-41: Launching MediSwiftMaven (1)] INFO  o.eclipse.m2e.core.internal.Bundles - 	Entry: C:\Users\Dharam Raj\.p2\pool\plugins\org.eclipse.m2e.maven.runtime_3.9.1200.20260112-2306\jars\maven-resolver-transport-wagon-1.9.25.jar
2026-05-29 10:11:33,169 [Worker-41: Launching MediSwiftMaven (1)] INFO  o.eclipse.m2e.core.internal.Bundles - 	Entry: C:\Users\Dharam Raj\.p2\pool\plugins\org.eclipse.m2e.maven.runtime_3.9.1200.20260112-2306\jars\maven-resolver-util-1.9.25.jar
2026-05-29 10:11:33,170 [Worker-41: Launching MediSwiftMaven (1)] INFO  o.eclipse.m2e.core.internal.Bundles - 	Entry: C:\Users\Dharam Raj\.p2\pool\plugins\org.eclipse.m2e.maven.runtime_3.9.1200.20260112-2306\jars\maven-settings-3.9.12.jar
2026-05-29 10:11:33,170 [Worker-41: Launching MediSwiftMaven (1)] INFO  o.eclipse.m2e.core.internal.Bundles - 	Entry: C:\Users\Dharam Raj\.p2\pool\plugins\org.eclipse.m2e.maven.runtime_3.9.1200.20260112-2306\jars\maven-settings-builder-3.9.12.jar
2026-05-29 10:11:33,170 [Worker-41: Launching MediSwiftMaven (1)] INFO  o.eclipse.m2e.core.internal.Bundles - 	Entry: C:\Users\Dharam Raj\.p2\pool\plugins\org.eclipse.m2e.maven.runtime_3.9.1200.20260112-2306\jars\maven-shared-utils-3.4.2.jar
2026-05-29 10:11:33,170 [Worker-41: Launching MediSwiftMaven (1)] INFO  o.eclipse.m2e.core.internal.Bundles - 	Entry: C:\Users\Dharam Raj\.p2\pool\plugins\org.eclipse.m2e.maven.runtime_3.9.1200.20260112-2306\jars\org.eclipse.sisu.inject-0.9.0.M4.jar
2026-05-29 10:11:33,171 [Worker-41: Launching MediSwiftMaven (1)] INFO  o.eclipse.m2e.core.internal.Bundles - 	Entry: C:\Users\Dharam Raj\.p2\pool\plugins\org.eclipse.m2e.maven.runtime_3.9.1200.20260112-2306\jars\org.eclipse.sisu.plexus-0.9.0.M4.jar
2026-05-29 10:11:33,171 [Worker-41: Launching MediSwiftMaven (1)] INFO  o.eclipse.m2e.core.internal.Bundles - 	Entry: C:\Users\Dharam Raj\.p2\pool\plugins\org.eclipse.m2e.maven.runtime_3.9.1200.20260112-2306\jars\plexus-build-api-0.0.7.jar
2026-05-29 10:11:33,171 [Worker-41: Launching MediSwiftMaven (1)] INFO  o.eclipse.m2e.core.internal.Bundles - 	Entry: C:\Users\Dharam Raj\.p2\pool\plugins\org.eclipse.m2e.maven.runtime_3.9.1200.20260112-2306\jars\plexus-build-api-1.2.0.jar
2026-05-29 10:11:33,171 [Worker-41: Launching MediSwiftMaven (1)] INFO  o.eclipse.m2e.core.internal.Bundles - 	Entry: C:\Users\Dharam Raj\.p2\pool\plugins\org.eclipse.m2e.maven.runtime_3.9.1200.20260112-2306\jars\plexus-cipher-2.0.jar
2026-05-29 10:11:33,172 [Worker-41: Launching MediSwiftMaven (1)] INFO  o.eclipse.m2e.core.internal.Bundles - 	Entry: C:\Users\Dharam Raj\.p2\pool\plugins\org.eclipse.m2e.maven.runtime_3.9.1200.20260112-2306\jars\plexus-classworlds-2.9.0.jar
2026-05-29 10:11:33,172 [Worker-41: Launching MediSwiftMaven (1)] INFO  o.eclipse.m2e.core.internal.Bundles - 	Entry: C:\Users\Dharam Raj\.p2\pool\plugins\org.eclipse.m2e.maven.runtime_3.9.1200.20260112-2306\jars\plexus-component-annotations-2.2.0.jar
2026-05-29 10:11:33,173 [Worker-41: Launching MediSwiftMaven (1)] INFO  o.eclipse.m2e.core.internal.Bundles - 	Entry: C:\Users\Dharam Raj\.p2\pool\plugins\org.eclipse.m2e.maven.runtime_3.9.1200.20260112-2306\jars\plexus-interpolation-1.29.jar
2026-05-29 10:11:33,173 [Worker-41: Launching MediSwiftMaven (1)] INFO  o.eclipse.m2e.core.internal.Bundles - 	Entry: C:\Users\Dharam Raj\.p2\pool\plugins\org.eclipse.m2e.maven.runtime_3.9.1200.20260112-2306\jars\plexus-sec-dispatcher-2.0.jar
2026-05-29 10:11:33,173 [Worker-41: Launching MediSwiftMaven (1)] INFO  o.eclipse.m2e.core.internal.Bundles - 	Entry: C:\Users\Dharam Raj\.p2\pool\plugins\org.eclipse.m2e.maven.runtime_3.9.1200.20260112-2306\jars\plexus-utils-3.6.0.jar
2026-05-29 10:11:33,174 [Worker-41: Launching MediSwiftMaven (1)] INFO  o.eclipse.m2e.core.internal.Bundles - 	Entry: C:\Users\Dharam Raj\.p2\pool\plugins\org.eclipse.m2e.maven.runtime_3.9.1200.20260112-2306\jars\wagon-file-3.5.3.jar
2026-05-29 10:11:33,174 [Worker-41: Launching MediSwiftMaven (1)] INFO  o.eclipse.m2e.core.internal.Bundles - 	Entry: C:\Users\Dharam Raj\.p2\pool\plugins\org.eclipse.m2e.maven.runtime_3.9.1200.20260112-2306\jars\wagon-http-3.5.3.jar
2026-05-29 10:11:33,174 [Worker-41: Launching MediSwiftMaven (1)] INFO  o.eclipse.m2e.core.internal.Bundles - 	Entry: C:\Users\Dharam Raj\.p2\pool\plugins\org.eclipse.m2e.maven.runtime_3.9.1200.20260112-2306\jars\wagon-http-shared-3.5.3.jar
2026-05-29 10:11:33,175 [Worker-41: Launching MediSwiftMaven (1)] INFO  o.eclipse.m2e.core.internal.Bundles - 	Entry: C:\Users\Dharam Raj\.p2\pool\plugins\org.eclipse.m2e.maven.runtime_3.9.1200.20260112-2306\jars\wagon-provider-api-3.5.3.jar
2026-05-29 10:11:33,175 [Worker-41: Launching MediSwiftMaven (1)] INFO  o.eclipse.m2e.core.internal.Bundles - getClasspathEntries(Bundle=com.google.guava_33.5.0.jre [13])
2026-05-29 10:11:33,176 [Worker-41: Launching MediSwiftMaven (1)] INFO  o.eclipse.m2e.core.internal.Bundles - 	Entry: C:\Users\Dharam Raj\.p2\pool\plugins\com.google.guava_33.5.0.jre.jar
2026-05-29 10:11:33,176 [Worker-41: Launching MediSwiftMaven (1)] INFO  o.eclipse.m2e.core.internal.Bundles - getClasspathEntries(Bundle=slf4j.api_2.0.17 [532])
2026-05-29 10:11:33,177 [Worker-41: Launching MediSwiftMaven (1)] INFO  o.eclipse.m2e.core.internal.Bundles - 	Entry: C:\Users\Dharam Raj\.p2\pool\plugins\slf4j.api_2.0.17.jar
2026-05-29 10:11:33,177 [Worker-41: Launching MediSwiftMaven (1)] INFO  o.eclipse.m2e.core.internal.Bundles - getClasspathEntries(Bundle=jakarta.inject.jakarta.inject-api_1.0.5 [24])
2026-05-29 10:11:33,178 [Worker-41: Launching MediSwiftMaven (1)] INFO  o.eclipse.m2e.core.internal.Bundles - 	Entry: C:\Users\Dharam Raj\.p2\pool\plugins\jakarta.inject.jakarta.inject-api_1.0.5.jar
2026-05-29 10:11:33,178 [Worker-41: Launching MediSwiftMaven (1)] INFO  o.eclipse.m2e.core.internal.Bundles - getClasspathEntries(Bundle=jakarta.annotation-api_1.3.5 [22])
2026-05-29 10:11:33,179 [Worker-41: Launching MediSwiftMaven (1)] INFO  o.eclipse.m2e.core.internal.Bundles - 	Entry: C:\Users\Dharam Raj\.p2\pool\plugins\jakarta.annotation-api_1.3.5.jar
2026-05-29 10:11:33,179 [Worker-41: Launching MediSwiftMaven (1)] INFO  o.eclipse.m2e.core.internal.Bundles - getClasspathEntries(Bundle=org.apache.commons.cli_1.11.0 [55])
2026-05-29 10:11:33,180 [Worker-41: Launching MediSwiftMaven (1)] INFO  o.eclipse.m2e.core.internal.Bundles - 	Entry: C:\Users\Dharam Raj\.p2\pool\plugins\org.apache.commons.cli_1.11.0.jar
2026-05-29 10:11:33,180 [Worker-41: Launching MediSwiftMaven (1)] INFO  o.eclipse.m2e.core.internal.Bundles - getClasspathEntries(Bundle=org.apache.commons.commons-codec_1.21.0 [56])
2026-05-29 10:11:33,182 [Worker-41: Launching MediSwiftMaven (1)] INFO  o.eclipse.m2e.core.internal.Bundles - 	Entry: C:\Users\Dharam Raj\.p2\pool\plugins\org.apache.commons.commons-codec_1.21.0.jar
2026-05-29 10:11:33,182 [Worker-41: Launching MediSwiftMaven (1)] INFO  o.eclipse.m2e.core.internal.Bundles - getClasspathEntries(Bundle=com.google.guava.failureaccess_1.0.3 [14])
2026-05-29 10:11:33,182 [Worker-41: Launching MediSwiftMaven (1)] INFO  o.eclipse.m2e.core.internal.Bundles - 	Entry: C:\Users\Dharam Raj\.p2\pool\plugins\com.google.guava.failureaccess_1.0.3.jar
2026-05-29 10:11:33,186 [Worker-41: Launching MediSwiftMaven (1)] INFO  o.e.m.i.launch.MavenLaunchDelegate - Run build in "C:\pbljava1\MediSwiftMaven":
2026-05-29 10:11:33,186 [Worker-41: Launching MediSwiftMaven (1)] INFO  o.e.m.i.launch.MavenLaunchDelegate -  mvn  -B -Dstyle.color=always javafx:run
2026-05-29 10:15:02,151 [main] INFO  o.e.m2e.actions.ExecutePomAction - Creating new launch configuration
2026-05-29 10:15:08,196 [Worker-42: Launching MediSwiftMaven (2)] INFO  o.eclipse.m2e.core.internal.Bundles - getClasspathEntries(Bundle=org.eclipse.m2e.maven.runtime_3.9.1200.20260112-2306 [308])
2026-05-29 10:15:08,197 [Worker-42: Launching MediSwiftMaven (2)] INFO  o.eclipse.m2e.core.internal.Bundles - 	Entry: C:\Users\Dharam Raj\.p2\pool\plugins\org.eclipse.m2e.maven.runtime_3.9.1200.20260112-2306
2026-05-29 10:15:08,197 [Worker-42: Launching MediSwiftMaven (2)] INFO  o.eclipse.m2e.core.internal.Bundles - 	Entry: C:\Users\Dharam Raj\.p2\pool\plugins\org.eclipse.m2e.maven.runtime_3.9.1200.20260112-2306\jars\aopalliance-1.0.jar
2026-05-29 10:15:08,198 [Worker-42: Launching MediSwiftMaven (2)] INFO  o.eclipse.m2e.core.internal.Bundles - 	Entry: C:\Users\Dharam Raj\.p2\pool\plugins\org.eclipse.m2e.maven.runtime_3.9.1200.20260112-2306\jars\asm-9.9.jar
2026-05-29 10:15:08,198 [Worker-42: Launching MediSwiftMaven (2)] INFO  o.eclipse.m2e.core.internal.Bundles - 	Entry: C:\Users\Dharam Raj\.p2\pool\plugins\org.eclipse.m2e.maven.runtime_3.9.1200.20260112-2306\jars\error_prone_annotations-2.41.0.jar
2026-05-29 10:15:08,198 [Worker-42: Launching MediSwiftMaven (2)] INFO  o.eclipse.m2e.core.internal.Bundles - 	Entry: C:\Users\Dharam Raj\.p2\pool\plugins\org.eclipse.m2e.maven.runtime_3.9.1200.20260112-2306\jars\gson-2.13.2.jar
2026-05-29 10:15:08,198 [Worker-42: Launching MediSwiftMaven (2)] INFO  o.eclipse.m2e.core.internal.Bundles - 	Entry: C:\Users\Dharam Raj\.p2\pool\plugins\org.eclipse.m2e.maven.runtime_3.9.1200.20260112-2306\jars\guice-5.1.0-classes.jar
2026-05-29 10:15:08,200 [Worker-42: Launching MediSwiftMaven (2)] INFO  o.eclipse.m2e.core.internal.Bundles - 	Entry: C:\Users\Dharam Raj\.p2\pool\plugins\org.eclipse.m2e.maven.runtime_3.9.1200.20260112-2306\jars\httpclient-4.5.14.jar
2026-05-29 10:15:08,200 [Worker-42: Launching MediSwiftMaven (2)] INFO  o.eclipse.m2e.core.internal.Bundles - 	Entry: C:\Users\Dharam Raj\.p2\pool\plugins\org.eclipse.m2e.maven.runtime_3.9.1200.20260112-2306\jars\httpcore-4.4.16.jar
2026-05-29 10:15:08,200 [Worker-42: Launching MediSwiftMaven (2)] INFO  o.eclipse.m2e.core.internal.Bundles - 	Entry: C:\Users\Dharam Raj\.p2\pool\plugins\org.eclipse.m2e.maven.runtime_3.9.1200.20260112-2306\jars\jansi-2.4.2.jar
2026-05-29 10:15:08,200 [Worker-42: Launching MediSwiftMaven (2)] INFO  o.eclipse.m2e.core.internal.Bundles - 	Entry: C:\Users\Dharam Raj\.p2\pool\plugins\org.eclipse.m2e.maven.runtime_3.9.1200.20260112-2306\jars\jcl-over-slf4j-1.7.36.jar
2026-05-29 10:15:08,201 [Worker-42: Launching MediSwiftMaven (2)] INFO  o.eclipse.m2e.core.internal.Bundles - 	Entry: C:\Users\Dharam Raj\.p2\pool\plugins\org.eclipse.m2e.maven.runtime_3.9.1200.20260112-2306\jars\maven-artifact-3.9.12.jar
2026-05-29 10:15:08,201 [Worker-42: Launching MediSwiftMaven (2)] INFO  o.eclipse.m2e.core.internal.Bundles - 	Entry: C:\Users\Dharam Raj\.p2\pool\plugins\org.eclipse.m2e.maven.runtime_3.9.1200.20260112-2306\jars\maven-builder-support-3.9.12.jar
2026-05-29 10:15:08,201 [Worker-42: Launching MediSwiftMaven (2)] INFO  o.eclipse.m2e.core.internal.Bundles - 	Entry: C:\Users\Dharam Raj\.p2\pool\plugins\org.eclipse.m2e.maven.runtime_3.9.1200.20260112-2306\jars\maven-compat-3.9.12.jar
2026-05-29 10:15:08,201 [Worker-42: Launching MediSwiftMaven (2)] INFO  o.eclipse.m2e.core.internal.Bundles - 	Entry: C:\Users\Dharam Raj\.p2\pool\plugins\org.eclipse.m2e.maven.runtime_3.9.1200.20260112-2306\jars\maven-core-3.9.12.jar
2026-05-29 10:15:08,202 [Worker-42: Launching MediSwiftMaven (2)] INFO  o.eclipse.m2e.core.internal.Bundles - 	Entry: C:\Users\Dharam Raj\.p2\pool\plugins\org.eclipse.m2e.maven.runtime_3.9.1200.20260112-2306\jars\maven-embedder-3.9.12.jar
2026-05-29 10:15:08,202 [Worker-42: Launching MediSwiftMaven (2)] INFO  o.eclipse.m2e.core.internal.Bundles - 	Entry: C:\Users\Dharam Raj\.p2\pool\plugins\org.eclipse.m2e.maven.runtime_3.9.1200.20260112-2306\jars\maven-model-3.9.12.jar
2026-05-29 10:15:08,202 [Worker-42: Launching MediSwiftMaven (2)] INFO  o.eclipse.m2e.core.internal.Bundles - 	Entry: C:\Users\Dharam Raj\.p2\pool\plugins\org.eclipse.m2e.maven.runtime_3.9.1200.20260112-2306\jars\maven-model-builder-3.9.12.jar
2026-05-29 10:15:08,202 [Worker-42: Launching MediSwiftMaven (2)] INFO  o.eclipse.m2e.core.internal.Bundles - 	Entry: C:\Users\Dharam Raj\.p2\pool\plugins\org.eclipse.m2e.maven.runtime_3.9.1200.20260112-2306\jars\maven-plugin-api-3.9.12.jar
2026-05-29 10:15:08,203 [Worker-42: Launching MediSwiftMaven (2)] INFO  o.eclipse.m2e.core.internal.Bundles - 	Entry: C:\Users\Dharam Raj\.p2\pool\plugins\org.eclipse.m2e.maven.runtime_3.9.1200.20260112-2306\jars\maven-repository-metadata-3.9.12.jar
2026-05-29 10:15:08,203 [Worker-42: Launching MediSwiftMaven (2)] INFO  o.eclipse.m2e.core.internal.Bundles - 	Entry: C:\Users\Dharam Raj\.p2\pool\plugins\org.eclipse.m2e.maven.runtime_3.9.1200.20260112-2306\jars\maven-resolver-api-1.9.25.jar
2026-05-29 10:15:08,203 [Worker-42: Launching MediSwiftMaven (2)] INFO  o.eclipse.m2e.core.internal.Bundles - 	Entry: C:\Users\Dharam Raj\.p2\pool\plugins\org.eclipse.m2e.maven.runtime_3.9.1200.20260112-2306\jars\maven-resolver-connector-basic-1.9.25.jar
2026-05-29 10:15:08,203 [Worker-42: Launching MediSwiftMaven (2)] INFO  o.eclipse.m2e.core.internal.Bundles - 	Entry: C:\Users\Dharam Raj\.p2\pool\plugins\org.eclipse.m2e.maven.runtime_3.9.1200.20260112-2306\jars\maven-resolver-impl-1.9.25.jar
2026-05-29 10:15:08,204 [Worker-42: Launching MediSwiftMaven (2)] INFO  o.eclipse.m2e.core.internal.Bundles - 	Entry: C:\Users\Dharam Raj\.p2\pool\plugins\org.eclipse.m2e.maven.runtime_3.9.1200.20260112-2306\jars\maven-resolver-named-locks-1.9.25.jar
2026-05-29 10:15:08,204 [Worker-42: Launching MediSwiftMaven (2)] INFO  o.eclipse.m2e.core.internal.Bundles - 	Entry: C:\Users\Dharam Raj\.p2\pool\plugins\org.eclipse.m2e.maven.runtime_3.9.1200.20260112-2306\jars\maven-resolver-provider-3.9.12.jar
2026-05-29 10:15:08,204 [Worker-42: Launching MediSwiftMaven (2)] INFO  o.eclipse.m2e.core.internal.Bundles - 	Entry: C:\Users\Dharam Raj\.p2\pool\plugins\org.eclipse.m2e.maven.runtime_3.9.1200.20260112-2306\jars\maven-resolver-spi-1.9.25.jar
2026-05-29 10:15:08,204 [Worker-42: Launching MediSwiftMaven (2)] INFO  o.eclipse.m2e.core.internal.Bundles - 	Entry: C:\Users\Dharam Raj\.p2\pool\plugins\org.eclipse.m2e.maven.runtime_3.9.1200.20260112-2306\jars\maven-resolver-transport-file-1.9.25.jar
2026-05-29 10:15:08,204 [Worker-42: Launching MediSwiftMaven (2)] INFO  o.eclipse.m2e.core.internal.Bundles - 	Entry: C:\Users\Dharam Raj\.p2\pool\plugins\org.eclipse.m2e.maven.runtime_3.9.1200.20260112-2306\jars\maven-resolver-transport-http-1.9.25.jar
2026-05-29 10:15:08,205 [Worker-42: Launching MediSwiftMaven (2)] INFO  o.eclipse.m2e.core.internal.Bundles - 	Entry: C:\Users\Dharam Raj\.p2\pool\plugins\org.eclipse.m2e.maven.runtime_3.9.1200.20260112-2306\jars\maven-resolver-transport-wagon-1.9.25.jar
2026-05-29 10:15:08,205 [Worker-42: Launching MediSwiftMaven (2)] INFO  o.eclipse.m2e.core.internal.Bundles - 	Entry: C:\Users\Dharam Raj\.p2\pool\plugins\org.eclipse.m2e.maven.runtime_3.9.1200.20260112-2306\jars\maven-resolver-util-1.9.25.jar
2026-05-29 10:15:08,205 [Worker-42: Launching MediSwiftMaven (2)] INFO  o.eclipse.m2e.core.internal.Bundles - 	Entry: C:\Users\Dharam Raj\.p2\pool\plugins\org.eclipse.m2e.maven.runtime_3.9.1200.20260112-2306\jars\maven-settings-3.9.12.jar
2026-05-29 10:15:08,205 [Worker-42: Launching MediSwiftMaven (2)] INFO  o.eclipse.m2e.core.internal.Bundles - 	Entry: C:\Users\Dharam Raj\.p2\pool\plugins\org.eclipse.m2e.maven.runtime_3.9.1200.20260112-2306\jars\maven-settings-builder-3.9.12.jar
2026-05-29 10:15:08,206 [Worker-42: Launching MediSwiftMaven (2)] INFO  o.eclipse.m2e.core.internal.Bundles - 	Entry: C:\Users\Dharam Raj\.p2\pool\plugins\org.eclipse.m2e.maven.runtime_3.9.1200.20260112-2306\jars\maven-shared-utils-3.4.2.jar
2026-05-29 10:15:08,206 [Worker-42: Launching MediSwiftMaven (2)] INFO  o.eclipse.m2e.core.internal.Bundles - 	Entry: C:\Users\Dharam Raj\.p2\pool\plugins\org.eclipse.m2e.maven.runtime_3.9.1200.20260112-2306\jars\org.eclipse.sisu.inject-0.9.0.M4.jar
2026-05-29 10:15:08,206 [Worker-42: Launching MediSwiftMaven (2)] INFO  o.eclipse.m2e.core.internal.Bundles - 	Entry: C:\Users\Dharam Raj\.p2\pool\plugins\org.eclipse.m2e.maven.runtime_3.9.1200.20260112-2306\jars\org.eclipse.sisu.plexus-0.9.0.M4.jar
2026-05-29 10:15:08,207 [Worker-42: Launching MediSwiftMaven (2)] INFO  o.eclipse.m2e.core.internal.Bundles - 	Entry: C:\Users\Dharam Raj\.p2\pool\plugins\org.eclipse.m2e.maven.runtime_3.9.1200.20260112-2306\jars\plexus-build-api-0.0.7.jar
2026-05-29 10:15:08,208 [Worker-42: Launching MediSwiftMaven (2)] INFO  o.eclipse.m2e.core.internal.Bundles - 	Entry: C:\Users\Dharam Raj\.p2\pool\plugins\org.eclipse.m2e.maven.runtime_3.9.1200.20260112-2306\jars\plexus-build-api-1.2.0.jar
2026-05-29 10:15:08,208 [Worker-42: Launching MediSwiftMaven (2)] INFO  o.eclipse.m2e.core.internal.Bundles - 	Entry: C:\Users\Dharam Raj\.p2\pool\plugins\org.eclipse.m2e.maven.runtime_3.9.1200.20260112-2306\jars\plexus-cipher-2.0.jar
2026-05-29 10:15:08,208 [Worker-42: Launching MediSwiftMaven (2)] INFO  o.eclipse.m2e.core.internal.Bundles - 	Entry: C:\Users\Dharam Raj\.p2\pool\plugins\org.eclipse.m2e.maven.runtime_3.9.1200.20260112-2306\jars\plexus-classworlds-2.9.0.jar
2026-05-29 10:15:08,208 [Worker-42: Launching MediSwiftMaven (2)] INFO  o.eclipse.m2e.core.internal.Bundles - 	Entry: C:\Users\Dharam Raj\.p2\pool\plugins\org.eclipse.m2e.maven.runtime_3.9.1200.20260112-2306\jars\plexus-component-annotations-2.2.0.jar
2026-05-29 10:15:08,209 [Worker-42: Launching MediSwiftMaven (2)] INFO  o.eclipse.m2e.core.internal.Bundles - 	Entry: C:\Users\Dharam Raj\.p2\pool\plugins\org.eclipse.m2e.maven.runtime_3.9.1200.20260112-2306\jars\plexus-interpolation-1.29.jar
2026-05-29 10:15:08,209 [Worker-42: Launching MediSwiftMaven (2)] INFO  o.eclipse.m2e.core.internal.Bundles - 	Entry: C:\Users\Dharam Raj\.p2\pool\plugins\org.eclipse.m2e.maven.runtime_3.9.1200.20260112-2306\jars\plexus-sec-dispatcher-2.0.jar
2026-05-29 10:15:08,209 [Worker-42: Launching MediSwiftMaven (2)] INFO  o.eclipse.m2e.core.internal.Bundles - 	Entry: C:\Users\Dharam Raj\.p2\pool\plugins\org.eclipse.m2e.maven.runtime_3.9.1200.20260112-2306\jars\plexus-utils-3.6.0.jar
2026-05-29 10:15:08,209 [Worker-42: Launching MediSwiftMaven (2)] INFO  o.eclipse.m2e.core.internal.Bundles - 	Entry: C:\Users\Dharam Raj\.p2\pool\plugins\org.eclipse.m2e.maven.runtime_3.9.1200.20260112-2306\jars\wagon-file-3.5.3.jar
2026-05-29 10:15:08,210 [Worker-42: Launching MediSwiftMaven (2)] INFO  o.eclipse.m2e.core.internal.Bundles - 	Entry: C:\Users\Dharam Raj\.p2\pool\plugins\org.eclipse.m2e.maven.runtime_3.9.1200.20260112-2306\jars\wagon-http-3.5.3.jar
2026-05-29 10:15:08,210 [Worker-42: Launching MediSwiftMaven (2)] INFO  o.eclipse.m2e.core.internal.Bundles - 	Entry: C:\Users\Dharam Raj\.p2\pool\plugins\org.eclipse.m2e.maven.runtime_3.9.1200.20260112-2306\jars\wagon-http-shared-3.5.3.jar
2026-05-29 10:15:08,210 [Worker-42: Launching MediSwiftMaven (2)] INFO  o.eclipse.m2e.core.internal.Bundles - 	Entry: C:\Users\Dharam Raj\.p2\pool\plugins\org.eclipse.m2e.maven.runtime_3.9.1200.20260112-2306\jars\wagon-provider-api-3.5.3.jar
2026-05-29 10:15:08,212 [Worker-42: Launching MediSwiftMaven (2)] INFO  o.eclipse.m2e.core.internal.Bundles - getClasspathEntries(Bundle=com.google.guava_33.5.0.jre [13])
2026-05-29 10:15:08,213 [Worker-42: Launching MediSwiftMaven (2)] INFO  o.eclipse.m2e.core.internal.Bundles - 	Entry: C:\Users\Dharam Raj\.p2\pool\plugins\com.google.guava_33.5.0.jre.jar
2026-05-29 10:15:08,214 [Worker-42: Launching MediSwiftMaven (2)] INFO  o.eclipse.m2e.core.internal.Bundles - getClasspathEntries(Bundle=slf4j.api_2.0.17 [532])
2026-05-29 10:15:08,215 [Worker-42: Launching MediSwiftMaven (2)] INFO  o.eclipse.m2e.core.internal.Bundles - 	Entry: C:\Users\Dharam Raj\.p2\pool\plugins\slf4j.api_2.0.17.jar
2026-05-29 10:15:08,215 [Worker-42: Launching MediSwiftMaven (2)] INFO  o.eclipse.m2e.core.internal.Bundles - getClasspathEntries(Bundle=jakarta.inject.jakarta.inject-api_1.0.5 [24])
2026-05-29 10:15:08,216 [Worker-42: Launching MediSwiftMaven (2)] INFO  o.eclipse.m2e.core.internal.Bundles - 	Entry: C:\Users\Dharam Raj\.p2\pool\plugins\jakarta.inject.jakarta.inject-api_1.0.5.jar
2026-05-29 10:15:08,216 [Worker-42: Launching MediSwiftMaven (2)] INFO  o.eclipse.m2e.core.internal.Bundles - getClasspathEntries(Bundle=jakarta.annotation-api_1.3.5 [22])
2026-05-29 10:15:08,217 [Worker-42: Launching MediSwiftMaven (2)] INFO  o.eclipse.m2e.core.internal.Bundles - 	Entry: C:\Users\Dharam Raj\.p2\pool\plugins\jakarta.annotation-api_1.3.5.jar
2026-05-29 10:15:08,217 [Worker-42: Launching MediSwiftMaven (2)] INFO  o.eclipse.m2e.core.internal.Bundles - getClasspathEntries(Bundle=org.apache.commons.cli_1.11.0 [55])
2026-05-29 10:15:08,218 [Worker-42: Launching MediSwiftMaven (2)] INFO  o.eclipse.m2e.core.internal.Bundles - 	Entry: C:\Users\Dharam Raj\.p2\pool\plugins\org.apache.commons.cli_1.11.0.jar
2026-05-29 10:15:08,218 [Worker-42: Launching MediSwiftMaven (2)] INFO  o.eclipse.m2e.core.internal.Bundles - getClasspathEntries(Bundle=org.apache.commons.commons-codec_1.21.0 [56])
2026-05-29 10:15:08,219 [Worker-42: Launching MediSwiftMaven (2)] INFO  o.eclipse.m2e.core.internal.Bundles - 	Entry: C:\Users\Dharam Raj\.p2\pool\plugins\org.apache.commons.commons-codec_1.21.0.jar
2026-05-29 10:15:08,220 [Worker-42: Launching MediSwiftMaven (2)] INFO  o.eclipse.m2e.core.internal.Bundles - getClasspathEntries(Bundle=com.google.guava.failureaccess_1.0.3 [14])
2026-05-29 10:15:08,221 [Worker-42: Launching MediSwiftMaven (2)] INFO  o.eclipse.m2e.core.internal.Bundles - 	Entry: C:\Users\Dharam Raj\.p2\pool\plugins\com.google.guava.failureaccess_1.0.3.jar
2026-05-29 10:15:08,225 [Worker-42: Launching MediSwiftMaven (2)] INFO  o.e.m.i.launch.MavenLaunchDelegate - Run build in "C:\pbljava1\MediSwiftMaven":
2026-05-29 10:15:08,225 [Worker-42: Launching MediSwiftMaven (2)] INFO  o.e.m.i.launch.MavenLaunchDelegate -  mvn  -B -Dstyle.color=always javafx:run
2026-05-29 10:19:11,789 [Worker-49: Building] INFO  o.a.m.s.f.DefaultMavenResourcesFiltering - skip non existing resourceDirectory C:\pbljava1\MediSwiftMaven\src\main\resources
2026-05-29 10:19:11,794 [Worker-49: Building] INFO  o.a.m.s.f.DefaultMavenResourcesFiltering - skip non existing resourceDirectory C:\pbljava1\MediSwiftMaven\src\test\resources
2026-05-29 10:19:11,796 [Worker-49: Building] WARN  o.apache.maven.project.MavenProject - Plugin is modifying compileSourceRoots through clear(), which will not work in Maven 4.0.0. Use MavenProject.addCompileSourceRoot()/removeCompileSourceRoot() methods instead. If using a plugin, please upgrade to the latest version or report the issue to the plugin maintainer. To disable these warnings, set -Dmaven.project.sourceRoots.warningsDisabled=true on the command line, in the .mvn/maven.config file, or in project POM properties.
2026-05-29 10:19:11,798 [Worker-49: Building] WARN  o.apache.maven.project.MavenProject - Plugin is modifying compileSourceRoots through add(), which will not work in Maven 4.0.0. Use MavenProject.addCompileSourceRoot()/removeCompileSourceRoot() methods instead. If using a plugin, please upgrade to the latest version or report the issue to the plugin maintainer. To disable these warnings, set -Dmaven.project.sourceRoots.warningsDisabled=true on the command line, in the .mvn/maven.config file, or in project POM properties.
2026-05-29 10:19:11,799 [Worker-49: Building] WARN  o.apache.maven.project.MavenProject - Plugin is modifying testCompileSourceRoots through clear(), which will not work in Maven 4.0.0. Use MavenProject.addTestCompileSourceRoot()/removeTestCompileSourceRoot() methods instead. If using a plugin, please upgrade to the latest version or report the issue to the plugin maintainer. To disable these warnings, set -Dmaven.project.sourceRoots.warningsDisabled=true on the command line, in the .mvn/maven.config file, or in project POM properties.
2026-05-29 10:19:11,800 [Worker-49: Building] WARN  o.apache.maven.project.MavenProject - Plugin is modifying testCompileSourceRoots through add(), which will not work in Maven 4.0.0. Use MavenProject.addTestCompileSourceRoot()/removeTestCompileSourceRoot() methods instead. If using a plugin, please upgrade to the latest version or report the issue to the plugin maintainer. To disable these warnings, set -Dmaven.project.sourceRoots.warningsDisabled=true on the command line, in the .mvn/maven.config file, or in project POM properties.
2026-05-29 10:24:10,956 [Worker-48: Building] INFO  o.a.m.s.f.DefaultMavenResourcesFiltering - skip non existing resourceDirectory C:\pbljava1\MediSwiftMaven\src\main\resources
2026-05-29 10:24:10,960 [Worker-48: Building] INFO  o.a.m.s.f.DefaultMavenResourcesFiltering - skip non existing resourceDirectory C:\pbljava1\MediSwiftMaven\src\test\resources
2026-05-29 10:24:10,986 [Worker-48: Building] WARN  o.apache.maven.project.MavenProject - Plugin is modifying compileSourceRoots through clear(), which will not work in Maven 4.0.0. Use MavenProject.addCompileSourceRoot()/removeCompileSourceRoot() methods instead. If using a plugin, please upgrade to the latest version or report the issue to the plugin maintainer. To disable these warnings, set -Dmaven.project.sourceRoots.warningsDisabled=true on the command line, in the .mvn/maven.config file, or in project POM properties.
2026-05-29 10:24:10,988 [Worker-48: Building] WARN  o.apache.maven.project.MavenProject - Plugin is modifying compileSourceRoots through add(), which will not work in Maven 4.0.0. Use MavenProject.addCompileSourceRoot()/removeCompileSourceRoot() methods instead. If using a plugin, please upgrade to the latest version or report the issue to the plugin maintainer. To disable these warnings, set -Dmaven.project.sourceRoots.warningsDisabled=true on the command line, in the .mvn/maven.config file, or in project POM properties.
2026-05-29 10:24:10,990 [Worker-48: Building] WARN  o.apache.maven.project.MavenProject - Plugin is modifying testCompileSourceRoots through clear(), which will not work in Maven 4.0.0. Use MavenProject.addTestCompileSourceRoot()/removeTestCompileSourceRoot() methods instead. If using a plugin, please upgrade to the latest version or report the issue to the plugin maintainer. To disable these warnings, set -Dmaven.project.sourceRoots.warningsDisabled=true on the command line, in the .mvn/maven.config file, or in project POM properties.
2026-05-29 10:24:10,993 [Worker-48: Building] WARN  o.apache.maven.project.MavenProject - Plugin is modifying testCompileSourceRoots through add(), which will not work in Maven 4.0.0. Use MavenProject.addTestCompileSourceRoot()/removeTestCompileSourceRoot() methods instead. If using a plugin, please upgrade to the latest version or report the issue to the plugin maintainer. To disable these warnings, set -Dmaven.project.sourceRoots.warningsDisabled=true on the command line, in the .mvn/maven.config file, or in project POM properties.
2026-05-29 10:24:39,201 [Worker-50: Building] INFO  o.a.m.s.f.DefaultMavenResourcesFiltering - skip non existing resourceDirectory C:\pbljava1\MediSwiftMaven\src\main\resources
2026-05-29 10:24:39,206 [Worker-50: Building] INFO  o.a.m.s.f.DefaultMavenResourcesFiltering - skip non existing resourceDirectory C:\pbljava1\MediSwiftMaven\src\test\resources
2026-05-29 10:24:39,206 [Worker-50: Building] WARN  o.apache.maven.project.MavenProject - Plugin is modifying compileSourceRoots through clear(), which will not work in Maven 4.0.0. Use MavenProject.addCompileSourceRoot()/removeCompileSourceRoot() methods instead. If using a plugin, please upgrade to the latest version or report the issue to the plugin maintainer. To disable these warnings, set -Dmaven.project.sourceRoots.warningsDisabled=true on the command line, in the .mvn/maven.config file, or in project POM properties.
2026-05-29 10:24:39,208 [Worker-50: Building] WARN  o.apache.maven.project.MavenProject - Plugin is modifying compileSourceRoots through add(), which will not work in Maven 4.0.0. Use MavenProject.addCompileSourceRoot()/removeCompileSourceRoot() methods instead. If using a plugin, please upgrade to the latest version or report the issue to the plugin maintainer. To disable these warnings, set -Dmaven.project.sourceRoots.warningsDisabled=true on the command line, in the .mvn/maven.config file, or in project POM properties.
2026-05-29 10:24:39,209 [Worker-50: Building] WARN  o.apache.maven.project.MavenProject - Plugin is modifying testCompileSourceRoots through clear(), which will not work in Maven 4.0.0. Use MavenProject.addTestCompileSourceRoot()/removeTestCompileSourceRoot() methods instead. If using a plugin, please upgrade to the latest version or report the issue to the plugin maintainer. To disable these warnings, set -Dmaven.project.sourceRoots.warningsDisabled=true on the command line, in the .mvn/maven.config file, or in project POM properties.
2026-05-29 10:24:39,210 [Worker-50: Building] WARN  o.apache.maven.project.MavenProject - Plugin is modifying testCompileSourceRoots through add(), which will not work in Maven 4.0.0. Use MavenProject.addTestCompileSourceRoot()/removeTestCompileSourceRoot() methods instead. If using a plugin, please upgrade to the latest version or report the issue to the plugin maintainer. To disable these warnings, set -Dmaven.project.sourceRoots.warningsDisabled=true on the command line, in the .mvn/maven.config file, or in project POM properties.
2026-05-29 10:25:40,887 [Worker-48: Building] INFO  o.a.m.s.f.DefaultMavenResourcesFiltering - skip non existing resourceDirectory C:\pbljava1\MediSwiftMaven\src\main\resources
2026-05-29 10:25:40,893 [Worker-48: Building] INFO  o.a.m.s.f.DefaultMavenResourcesFiltering - skip non existing resourceDirectory C:\pbljava1\MediSwiftMaven\src\test\resources
2026-05-29 10:25:40,894 [Worker-48: Building] WARN  o.apache.maven.project.MavenProject - Plugin is modifying compileSourceRoots through clear(), which will not work in Maven 4.0.0. Use MavenProject.addCompileSourceRoot()/removeCompileSourceRoot() methods instead. If using a plugin, please upgrade to the latest version or report the issue to the plugin maintainer. To disable these warnings, set -Dmaven.project.sourceRoots.warningsDisabled=true on the command line, in the .mvn/maven.config file, or in project POM properties.
2026-05-29 10:25:40,896 [Worker-48: Building] WARN  o.apache.maven.project.MavenProject - Plugin is modifying compileSourceRoots through add(), which will not work in Maven 4.0.0. Use MavenProject.addCompileSourceRoot()/removeCompileSourceRoot() methods instead. If using a plugin, please upgrade to the latest version or report the issue to the plugin maintainer. To disable these warnings, set -Dmaven.project.sourceRoots.warningsDisabled=true on the command line, in the .mvn/maven.config file, or in project POM properties.
2026-05-29 10:25:40,897 [Worker-48: Building] WARN  o.apache.maven.project.MavenProject - Plugin is modifying testCompileSourceRoots through clear(), which will not work in Maven 4.0.0. Use MavenProject.addTestCompileSourceRoot()/removeTestCompileSourceRoot() methods instead. If using a plugin, please upgrade to the latest version or report the issue to the plugin maintainer. To disable these warnings, set -Dmaven.project.sourceRoots.warningsDisabled=true on the command line, in the .mvn/maven.config file, or in project POM properties.
2026-05-29 10:25:40,898 [Worker-48: Building] WARN  o.apache.maven.project.MavenProject - Plugin is modifying testCompileSourceRoots through add(), which will not work in Maven 4.0.0. Use MavenProject.addTestCompileSourceRoot()/removeTestCompileSourceRoot() methods instead. If using a plugin, please upgrade to the latest version or report the issue to the plugin maintainer. To disable these warnings, set -Dmaven.project.sourceRoots.warningsDisabled=true on the command line, in the .mvn/maven.config file, or in project POM properties.
2026-05-29 10:26:39,108 [main] INFO  o.e.m2e.actions.ExecutePomAction - Creating new launch configuration
2026-05-29 10:27:01,165 [Worker-52: Launching MediSwiftMaven (3)] INFO  o.eclipse.m2e.core.internal.Bundles - getClasspathEntries(Bundle=org.eclipse.m2e.maven.runtime_3.9.1200.20260112-2306 [308])
2026-05-29 10:27:01,167 [Worker-52: Launching MediSwiftMaven (3)] INFO  o.eclipse.m2e.core.internal.Bundles - 	Entry: C:\Users\Dharam Raj\.p2\pool\plugins\org.eclipse.m2e.maven.runtime_3.9.1200.20260112-2306
2026-05-29 10:27:01,167 [Worker-52: Launching MediSwiftMaven (3)] INFO  o.eclipse.m2e.core.internal.Bundles - 	Entry: C:\Users\Dharam Raj\.p2\pool\plugins\org.eclipse.m2e.maven.runtime_3.9.1200.20260112-2306\jars\aopalliance-1.0.jar
2026-05-29 10:27:01,168 [Worker-52: Launching MediSwiftMaven (3)] INFO  o.eclipse.m2e.core.internal.Bundles - 	Entry: C:\Users\Dharam Raj\.p2\pool\plugins\org.eclipse.m2e.maven.runtime_3.9.1200.20260112-2306\jars\asm-9.9.jar
2026-05-29 10:27:01,168 [Worker-52: Launching MediSwiftMaven (3)] INFO  o.eclipse.m2e.core.internal.Bundles - 	Entry: C:\Users\Dharam Raj\.p2\pool\plugins\org.eclipse.m2e.maven.runtime_3.9.1200.20260112-2306\jars\error_prone_annotations-2.41.0.jar
2026-05-29 10:27:01,168 [Worker-52: Launching MediSwiftMaven (3)] INFO  o.eclipse.m2e.core.internal.Bundles - 	Entry: C:\Users\Dharam Raj\.p2\pool\plugins\org.eclipse.m2e.maven.runtime_3.9.1200.20260112-2306\jars\gson-2.13.2.jar
2026-05-29 10:27:01,170 [Worker-52: Launching MediSwiftMaven (3)] INFO  o.eclipse.m2e.core.internal.Bundles - 	Entry: C:\Users\Dharam Raj\.p2\pool\plugins\org.eclipse.m2e.maven.runtime_3.9.1200.20260112-2306\jars\guice-5.1.0-classes.jar
2026-05-29 10:27:01,170 [Worker-52: Launching MediSwiftMaven (3)] INFO  o.eclipse.m2e.core.internal.Bundles - 	Entry: C:\Users\Dharam Raj\.p2\pool\plugins\org.eclipse.m2e.maven.runtime_3.9.1200.20260112-2306\jars\httpclient-4.5.14.jar
2026-05-29 10:27:01,171 [Worker-52: Launching MediSwiftMaven (3)] INFO  o.eclipse.m2e.core.internal.Bundles - 	Entry: C:\Users\Dharam Raj\.p2\pool\plugins\org.eclipse.m2e.maven.runtime_3.9.1200.20260112-2306\jars\httpcore-4.4.16.jar
2026-05-29 10:27:01,171 [Worker-52: Launching MediSwiftMaven (3)] INFO  o.eclipse.m2e.core.internal.Bundles - 	Entry: C:\Users\Dharam Raj\.p2\pool\plugins\org.eclipse.m2e.maven.runtime_3.9.1200.20260112-2306\jars\jansi-2.4.2.jar
2026-05-29 10:27:01,172 [Worker-52: Launching MediSwiftMaven (3)] INFO  o.eclipse.m2e.core.internal.Bundles - 	Entry: C:\Users\Dharam Raj\.p2\pool\plugins\org.eclipse.m2e.maven.runtime_3.9.1200.20260112-2306\jars\jcl-over-slf4j-1.7.36.jar
2026-05-29 10:27:01,172 [Worker-52: Launching MediSwiftMaven (3)] INFO  o.eclipse.m2e.core.internal.Bundles - 	Entry: C:\Users\Dharam Raj\.p2\pool\plugins\org.eclipse.m2e.maven.runtime_3.9.1200.20260112-2306\jars\maven-artifact-3.9.12.jar
2026-05-29 10:27:01,172 [Worker-52: Launching MediSwiftMaven (3)] INFO  o.eclipse.m2e.core.internal.Bundles - 	Entry: C:\Users\Dharam Raj\.p2\pool\plugins\org.eclipse.m2e.maven.runtime_3.9.1200.20260112-2306\jars\maven-builder-support-3.9.12.jar
2026-05-29 10:27:01,173 [Worker-52: Launching MediSwiftMaven (3)] INFO  o.eclipse.m2e.core.internal.Bundles - 	Entry: C:\Users\Dharam Raj\.p2\pool\plugins\org.eclipse.m2e.maven.runtime_3.9.1200.20260112-2306\jars\maven-compat-3.9.12.jar
2026-05-29 10:27:01,173 [Worker-52: Launching MediSwiftMaven (3)] INFO  o.eclipse.m2e.core.internal.Bundles - 	Entry: C:\Users\Dharam Raj\.p2\pool\plugins\org.eclipse.m2e.maven.runtime_3.9.1200.20260112-2306\jars\maven-core-3.9.12.jar
2026-05-29 10:27:01,173 [Worker-52: Launching MediSwiftMaven (3)] INFO  o.eclipse.m2e.core.internal.Bundles - 	Entry: C:\Users\Dharam Raj\.p2\pool\plugins\org.eclipse.m2e.maven.runtime_3.9.1200.20260112-2306\jars\maven-embedder-3.9.12.jar
2026-05-29 10:27:01,173 [Worker-52: Launching MediSwiftMaven (3)] INFO  o.eclipse.m2e.core.internal.Bundles - 	Entry: C:\Users\Dharam Raj\.p2\pool\plugins\org.eclipse.m2e.maven.runtime_3.9.1200.20260112-2306\jars\maven-model-3.9.12.jar
2026-05-29 10:27:01,174 [Worker-52: Launching MediSwiftMaven (3)] INFO  o.eclipse.m2e.core.internal.Bundles - 	Entry: C:\Users\Dharam Raj\.p2\pool\plugins\org.eclipse.m2e.maven.runtime_3.9.1200.20260112-2306\jars\maven-model-builder-3.9.12.jar
2026-05-29 10:27:01,174 [Worker-52: Launching MediSwiftMaven (3)] INFO  o.eclipse.m2e.core.internal.Bundles - 	Entry: C:\Users\Dharam Raj\.p2\pool\plugins\org.eclipse.m2e.maven.runtime_3.9.1200.20260112-2306\jars\maven-plugin-api-3.9.12.jar
2026-05-29 10:27:01,174 [Worker-52: Launching MediSwiftMaven (3)] INFO  o.eclipse.m2e.core.internal.Bundles - 	Entry: C:\Users\Dharam Raj\.p2\pool\plugins\org.eclipse.m2e.maven.runtime_3.9.1200.20260112-2306\jars\maven-repository-metadata-3.9.12.jar
2026-05-29 10:27:01,174 [Worker-52: Launching MediSwiftMaven (3)] INFO  o.eclipse.m2e.core.internal.Bundles - 	Entry: C:\Users\Dharam Raj\.p2\pool\plugins\org.eclipse.m2e.maven.runtime_3.9.1200.20260112-2306\jars\maven-resolver-api-1.9.25.jar
2026-05-29 10:27:01,175 [Worker-52: Launching MediSwiftMaven (3)] INFO  o.eclipse.m2e.core.internal.Bundles - 	Entry: C:\Users\Dharam Raj\.p2\pool\plugins\org.eclipse.m2e.maven.runtime_3.9.1200.20260112-2306\jars\maven-resolver-connector-basic-1.9.25.jar
2026-05-29 10:27:01,175 [Worker-52: Launching MediSwiftMaven (3)] INFO  o.eclipse.m2e.core.internal.Bundles - 	Entry: C:\Users\Dharam Raj\.p2\pool\plugins\org.eclipse.m2e.maven.runtime_3.9.1200.20260112-2306\jars\maven-resolver-impl-1.9.25.jar
2026-05-29 10:27:01,176 [Worker-52: Launching MediSwiftMaven (3)] INFO  o.eclipse.m2e.core.internal.Bundles - 	Entry: C:\Users\Dharam Raj\.p2\pool\plugins\org.eclipse.m2e.maven.runtime_3.9.1200.20260112-2306\jars\maven-resolver-named-locks-1.9.25.jar
2026-05-29 10:27:01,176 [Worker-52: Launching MediSwiftMaven (3)] INFO  o.eclipse.m2e.core.internal.Bundles - 	Entry: C:\Users\Dharam Raj\.p2\pool\plugins\org.eclipse.m2e.maven.runtime_3.9.1200.20260112-2306\jars\maven-resolver-provider-3.9.12.jar
2026-05-29 10:27:01,176 [Worker-52: Launching MediSwiftMaven (3)] INFO  o.eclipse.m2e.core.internal.Bundles - 	Entry: C:\Users\Dharam Raj\.p2\pool\plugins\org.eclipse.m2e.maven.runtime_3.9.1200.20260112-2306\jars\maven-resolver-spi-1.9.25.jar
2026-05-29 10:27:01,177 [Worker-52: Launching MediSwiftMaven (3)] INFO  o.eclipse.m2e.core.internal.Bundles - 	Entry: C:\Users\Dharam Raj\.p2\pool\plugins\org.eclipse.m2e.maven.runtime_3.9.1200.20260112-2306\jars\maven-resolver-transport-file-1.9.25.jar
2026-05-29 10:27:01,177 [Worker-52: Launching MediSwiftMaven (3)] INFO  o.eclipse.m2e.core.internal.Bundles - 	Entry: C:\Users\Dharam Raj\.p2\pool\plugins\org.eclipse.m2e.maven.runtime_3.9.1200.20260112-2306\jars\maven-resolver-transport-http-1.9.25.jar
2026-05-29 10:27:01,178 [Worker-52: Launching MediSwiftMaven (3)] INFO  o.eclipse.m2e.core.internal.Bundles - 	Entry: C:\Users\Dharam Raj\.p2\pool\plugins\org.eclipse.m2e.maven.runtime_3.9.1200.20260112-2306\jars\maven-resolver-transport-wagon-1.9.25.jar
2026-05-29 10:27:01,178 [Worker-52: Launching MediSwiftMaven (3)] INFO  o.eclipse.m2e.core.internal.Bundles - 	Entry: C:\Users\Dharam Raj\.p2\pool\plugins\org.eclipse.m2e.maven.runtime_3.9.1200.20260112-2306\jars\maven-resolver-util-1.9.25.jar
2026-05-29 10:27:01,179 [Worker-52: Launching MediSwiftMaven (3)] INFO  o.eclipse.m2e.core.internal.Bundles - 	Entry: C:\Users\Dharam Raj\.p2\pool\plugins\org.eclipse.m2e.maven.runtime_3.9.1200.20260112-2306\jars\maven-settings-3.9.12.jar
2026-05-29 10:27:01,179 [Worker-52: Launching MediSwiftMaven (3)] INFO  o.eclipse.m2e.core.internal.Bundles - 	Entry: C:\Users\Dharam Raj\.p2\pool\plugins\org.eclipse.m2e.maven.runtime_3.9.1200.20260112-2306\jars\maven-settings-builder-3.9.12.jar
2026-05-29 10:27:01,180 [Worker-52: Launching MediSwiftMaven (3)] INFO  o.eclipse.m2e.core.internal.Bundles - 	Entry: C:\Users\Dharam Raj\.p2\pool\plugins\org.eclipse.m2e.maven.runtime_3.9.1200.20260112-2306\jars\maven-shared-utils-3.4.2.jar
2026-05-29 10:27:01,180 [Worker-52: Launching MediSwiftMaven (3)] INFO  o.eclipse.m2e.core.internal.Bundles - 	Entry: C:\Users\Dharam Raj\.p2\pool\plugins\org.eclipse.m2e.maven.runtime_3.9.1200.20260112-2306\jars\org.eclipse.sisu.inject-0.9.0.M4.jar
2026-05-29 10:27:01,180 [Worker-52: Launching MediSwiftMaven (3)] INFO  o.eclipse.m2e.core.internal.Bundles - 	Entry: C:\Users\Dharam Raj\.p2\pool\plugins\org.eclipse.m2e.maven.runtime_3.9.1200.20260112-2306\jars\org.eclipse.sisu.plexus-0.9.0.M4.jar
2026-05-29 10:27:01,181 [Worker-52: Launching MediSwiftMaven (3)] INFO  o.eclipse.m2e.core.internal.Bundles - 	Entry: C:\Users\Dharam Raj\.p2\pool\plugins\org.eclipse.m2e.maven.runtime_3.9.1200.20260112-2306\jars\plexus-build-api-0.0.7.jar
2026-05-29 10:27:01,181 [Worker-52: Launching MediSwiftMaven (3)] INFO  o.eclipse.m2e.core.internal.Bundles - 	Entry: C:\Users\Dharam Raj\.p2\pool\plugins\org.eclipse.m2e.maven.runtime_3.9.1200.20260112-2306\jars\plexus-build-api-1.2.0.jar
2026-05-29 10:27:01,182 [Worker-52: Launching MediSwiftMaven (3)] INFO  o.eclipse.m2e.core.internal.Bundles - 	Entry: C:\Users\Dharam Raj\.p2\pool\plugins\org.eclipse.m2e.maven.runtime_3.9.1200.20260112-2306\jars\plexus-cipher-2.0.jar
2026-05-29 10:27:01,182 [Worker-52: Launching MediSwiftMaven (3)] INFO  o.eclipse.m2e.core.internal.Bundles - 	Entry: C:\Users\Dharam Raj\.p2\pool\plugins\org.eclipse.m2e.maven.runtime_3.9.1200.20260112-2306\jars\plexus-classworlds-2.9.0.jar
2026-05-29 10:27:01,182 [Worker-52: Launching MediSwiftMaven (3)] INFO  o.eclipse.m2e.core.internal.Bundles - 	Entry: C:\Users\Dharam Raj\.p2\pool\plugins\org.eclipse.m2e.maven.runtime_3.9.1200.20260112-2306\jars\plexus-component-annotations-2.2.0.jar
2026-05-29 10:27:01,182 [Worker-52: Launching MediSwiftMaven (3)] INFO  o.eclipse.m2e.core.internal.Bundles - 	Entry: C:\Users\Dharam Raj\.p2\pool\plugins\org.eclipse.m2e.maven.runtime_3.9.1200.20260112-2306\jars\plexus-interpolation-1.29.jar
2026-05-29 10:27:01,183 [Worker-52: Launching MediSwiftMaven (3)] INFO  o.eclipse.m2e.core.internal.Bundles - 	Entry: C:\Users\Dharam Raj\.p2\pool\plugins\org.eclipse.m2e.maven.runtime_3.9.1200.20260112-2306\jars\plexus-sec-dispatcher-2.0.jar
2026-05-29 10:27:01,183 [Worker-52: Launching MediSwiftMaven (3)] INFO  o.eclipse.m2e.core.internal.Bundles - 	Entry: C:\Users\Dharam Raj\.p2\pool\plugins\org.eclipse.m2e.maven.runtime_3.9.1200.20260112-2306\jars\plexus-utils-3.6.0.jar
2026-05-29 10:27:01,184 [Worker-52: Launching MediSwiftMaven (3)] INFO  o.eclipse.m2e.core.internal.Bundles - 	Entry: C:\Users\Dharam Raj\.p2\pool\plugins\org.eclipse.m2e.maven.runtime_3.9.1200.20260112-2306\jars\wagon-file-3.5.3.jar
2026-05-29 10:27:01,184 [Worker-52: Launching MediSwiftMaven (3)] INFO  o.eclipse.m2e.core.internal.Bundles - 	Entry: C:\Users\Dharam Raj\.p2\pool\plugins\org.eclipse.m2e.maven.runtime_3.9.1200.20260112-2306\jars\wagon-http-3.5.3.jar
2026-05-29 10:27:01,184 [Worker-52: Launching MediSwiftMaven (3)] INFO  o.eclipse.m2e.core.internal.Bundles - 	Entry: C:\Users\Dharam Raj\.p2\pool\plugins\org.eclipse.m2e.maven.runtime_3.9.1200.20260112-2306\jars\wagon-http-shared-3.5.3.jar
2026-05-29 10:27:01,186 [Worker-52: Launching MediSwiftMaven (3)] INFO  o.eclipse.m2e.core.internal.Bundles - 	Entry: C:\Users\Dharam Raj\.p2\pool\plugins\org.eclipse.m2e.maven.runtime_3.9.1200.20260112-2306\jars\wagon-provider-api-3.5.3.jar
2026-05-29 10:27:01,186 [Worker-52: Launching MediSwiftMaven (3)] INFO  o.eclipse.m2e.core.internal.Bundles - getClasspathEntries(Bundle=com.google.guava_33.5.0.jre [13])
2026-05-29 10:27:01,187 [Worker-52: Launching MediSwiftMaven (3)] INFO  o.eclipse.m2e.core.internal.Bundles - 	Entry: C:\Users\Dharam Raj\.p2\pool\plugins\com.google.guava_33.5.0.jre.jar
2026-05-29 10:27:01,187 [Worker-52: Launching MediSwiftMaven (3)] INFO  o.eclipse.m2e.core.internal.Bundles - getClasspathEntries(Bundle=slf4j.api_2.0.17 [532])
2026-05-29 10:27:01,187 [Worker-52: Launching MediSwiftMaven (3)] INFO  o.eclipse.m2e.core.internal.Bundles - 	Entry: C:\Users\Dharam Raj\.p2\pool\plugins\slf4j.api_2.0.17.jar
2026-05-29 10:27:01,187 [Worker-52: Launching MediSwiftMaven (3)] INFO  o.eclipse.m2e.core.internal.Bundles - getClasspathEntries(Bundle=jakarta.inject.jakarta.inject-api_1.0.5 [24])
2026-05-29 10:27:01,189 [Worker-52: Launching MediSwiftMaven (3)] INFO  o.eclipse.m2e.core.internal.Bundles - 	Entry: C:\Users\Dharam Raj\.p2\pool\plugins\jakarta.inject.jakarta.inject-api_1.0.5.jar
2026-05-29 10:27:01,189 [Worker-52: Launching MediSwiftMaven (3)] INFO  o.eclipse.m2e.core.internal.Bundles - getClasspathEntries(Bundle=jakarta.annotation-api_1.3.5 [22])
2026-05-29 10:27:01,190 [Worker-52: Launching MediSwiftMaven (3)] INFO  o.eclipse.m2e.core.internal.Bundles - 	Entry: C:\Users\Dharam Raj\.p2\pool\plugins\jakarta.annotation-api_1.3.5.jar
2026-05-29 10:27:01,190 [Worker-52: Launching MediSwiftMaven (3)] INFO  o.eclipse.m2e.core.internal.Bundles - getClasspathEntries(Bundle=org.apache.commons.cli_1.11.0 [55])
2026-05-29 10:27:01,191 [Worker-52: Launching MediSwiftMaven (3)] INFO  o.eclipse.m2e.core.internal.Bundles - 	Entry: C:\Users\Dharam Raj\.p2\pool\plugins\org.apache.commons.cli_1.11.0.jar
2026-05-29 10:27:01,191 [Worker-52: Launching MediSwiftMaven (3)] INFO  o.eclipse.m2e.core.internal.Bundles - getClasspathEntries(Bundle=org.apache.commons.commons-codec_1.21.0 [56])
2026-05-29 10:27:01,192 [Worker-52: Launching MediSwiftMaven (3)] INFO  o.eclipse.m2e.core.internal.Bundles - 	Entry: C:\Users\Dharam Raj\.p2\pool\plugins\org.apache.commons.commons-codec_1.21.0.jar
2026-05-29 10:27:01,192 [Worker-52: Launching MediSwiftMaven (3)] INFO  o.eclipse.m2e.core.internal.Bundles - getClasspathEntries(Bundle=com.google.guava.failureaccess_1.0.3 [14])
2026-05-29 10:27:01,193 [Worker-52: Launching MediSwiftMaven (3)] INFO  o.eclipse.m2e.core.internal.Bundles - 	Entry: C:\Users\Dharam Raj\.p2\pool\plugins\com.google.guava.failureaccess_1.0.3.jar
2026-05-29 10:27:01,197 [Worker-52: Launching MediSwiftMaven (3)] INFO  o.e.m.i.launch.MavenLaunchDelegate - Run build in "C:\pbljava1\MediSwiftMaven":
2026-05-29 10:27:01,198 [Worker-52: Launching MediSwiftMaven (3)] INFO  o.e.m.i.launch.MavenLaunchDelegate -  mvn  -B -Dstyle.color=always javafx:run
2026-05-29 11:07:41,737 [Worker-52: Building] INFO  o.a.m.s.f.DefaultMavenResourcesFiltering - skip non existing resourceDirectory C:\pbljava1\MediSwiftMaven\src\main\resources
2026-05-29 11:07:41,743 [Worker-52: Building] INFO  o.a.m.s.f.DefaultMavenResourcesFiltering - skip non existing resourceDirectory C:\pbljava1\MediSwiftMaven\src\test\resources
2026-05-29 11:07:41,745 [Worker-52: Building] WARN  o.apache.maven.project.MavenProject - Plugin is modifying compileSourceRoots through clear(), which will not work in Maven 4.0.0. Use MavenProject.addCompileSourceRoot()/removeCompileSourceRoot() methods instead. If using a plugin, please upgrade to the latest version or report the issue to the plugin maintainer. To disable these warnings, set -Dmaven.project.sourceRoots.warningsDisabled=true on the command line, in the .mvn/maven.config file, or in project POM properties.
2026-05-29 11:07:41,747 [Worker-52: Building] WARN  o.apache.maven.project.MavenProject - Plugin is modifying compileSourceRoots through add(), which will not work in Maven 4.0.0. Use MavenProject.addCompileSourceRoot()/removeCompileSourceRoot() methods instead. If using a plugin, please upgrade to the latest version or report the issue to the plugin maintainer. To disable these warnings, set -Dmaven.project.sourceRoots.warningsDisabled=true on the command line, in the .mvn/maven.config file, or in project POM properties.
2026-05-29 11:07:41,748 [Worker-52: Building] WARN  o.apache.maven.project.MavenProject - Plugin is modifying testCompileSourceRoots through clear(), which will not work in Maven 4.0.0. Use MavenProject.addTestCompileSourceRoot()/removeTestCompileSourceRoot() methods instead. If using a plugin, please upgrade to the latest version or report the issue to the plugin maintainer. To disable these warnings, set -Dmaven.project.sourceRoots.warningsDisabled=true on the command line, in the .mvn/maven.config file, or in project POM properties.
2026-05-29 11:07:41,749 [Worker-52: Building] WARN  o.apache.maven.project.MavenProject - Plugin is modifying testCompileSourceRoots through add(), which will not work in Maven 4.0.0. Use MavenProject.addTestCompileSourceRoot()/removeTestCompileSourceRoot() methods instead. If using a plugin, please upgrade to the latest version or report the issue to the plugin maintainer. To disable these warnings, set -Dmaven.project.sourceRoots.warningsDisabled=true on the command line, in the .mvn/maven.config file, or in project POM properties.
